,rounded_step,goal_power_alg,goal,mean,std,y_upper,y_lower,max_possible_return,mean_norm,y_upper_norm,y_lower_norm
0,0.0,0.85_CrossQ,0.85,48.583035342044376,,,,191.65140287092927,0.2534968939140164,,
1,0.0,0.85_SAC,0.85,12.282665136723018,13.407058443155554,39.09678202303412,-14.53145174958809,191.65140287092927,0.0640885741128385,0.20399945649948872,-0.07582230827381176
2,0.0,0.85_TQC,0.85,31.753210572229353,24.571563185835107,80.89633694389957,-17.38991579944086,191.65140287092927,0.16568211918393347,0.4221014599010293,-0.09073722153316237
3,0.0,0.87_TQC,0.87,18.054009156069366,2.235893438980799,22.525796034030964,13.582222278107768,187.9423437227816,0.09606142393700996,0.11985482136615752,0.0722680265078624
4,0.0,0.9_TQC,0.9,17.671012955482784,,,,182.8450012243582,0.09664476926990055,,
5,500.0,0.85_CrossQ,0.85,30.268451412545165,19.780665377720094,69.82978216798536,-9.292879342895024,191.65140287092927,0.15793493269094377,0.3643583147419659,-0.048488449360078324
6,500.0,0.85_SAC,0.85,17.787430679272752,15.094807856278404,47.97704639182956,-12.402185033284056,191.65140287092927,0.09281137739050094,0.2503349606271365,-0.06471220584613464
7,500.0,0.85_TQC,0.85,24.955271099269705,18.287955725671814,61.53118255061334,-11.620640352073924,191.65140287092927,0.13021178413223636,0.32105782493046764,-0.06063425666599493
8,500.0,0.87_TQC,0.87,14.819499264242333,8.890904652056598,32.60130856835553,-2.9623100398708626,187.9423437227816,0.07885130604788756,0.17346441425910414,-0.015761802163329005
9,500.0,0.9_TQC,0.9,15.34566259512007,5.1247449155827685,25.59515242628561,5.096172763954533,182.8450012243582,0.08392716504341467,0.13998278462575697,0.02787154546107237
10,1000.0,0.85_CrossQ,0.85,24.63106046601774,18.086232227329557,60.80352492067685,-11.541403988641374,191.65140287092927,0.12852011567379928,0.3172610479748273,-0.06022081662722875
11,1000.0,0.85_SAC,0.85,21.254984769121023,13.024504072425044,47.303992913971115,-4.794023375729065,191.65140287092927,0.11090440482418767,0.24682309758947474,-0.02501428794109938
12,1000.0,0.85_TQC,0.85,22.635037833208298,13.537705002163117,49.71044783753453,-4.440372171117936,191.65140287092927,0.11810525513581671,0.25937951453980657,-0.023169004268173168
13,1000.0,0.87_TQC,0.87,13.852931086566203,6.408211991137347,26.669355068840897,1.036507104291509,187.9423437227816,0.07370840871815204,0.14190179041386589,0.0055150270224382
14,1000.0,0.9_TQC,0.9,11.305453347312007,5.964956565000342,23.23536647731269,-0.6244597826886782,182.8450012243582,0.061830803530908446,0.12707684826888954,-0.003415241207072655
15,1500.0,0.85_CrossQ,0.85,24.319549065515574,16.516745451256448,57.35303996802847,-8.713941836997321,191.65140287092927,0.12689470935881417,0.2992570840019042,-0.04546766528427588
16,1500.0,0.85_SAC,0.85,21.113458222825038,13.735635010828927,48.58472824448289,-6.357811798832817,191.65140287092927,0.11016594664347036,0.2535057271519325,-0.03317383386499178
17,1500.0,0.85_TQC,0.85,23.24028070001085,12.67969630306456,48.59967330613997,-2.1191119061182704,191.65140287092927,0.12126329550356796,0.253583707596809,-0.011057116589673077
18,1500.0,0.87_TQC,0.87,14.113619415352005,5.576145176131095,25.265909767614197,2.9613290630898153,187.9423437227816,0.07509547415333849,0.13443436570569683,0.01575658260098017
19,1500.0,0.9_TQC,0.9,9.402741631487762,6.02570120803598,21.454144047559723,-2.648660784584198,182.8450012243582,0.05142465787156094,0.11733514126117466,-0.01448582551805277
20,2000.0,0.85_CrossQ,0.85,28.37855287397,14.828180123913262,58.03491312179652,-1.2778073738565219,191.65140287092927,0.14807380717730512,0.30281496640481714,-0.0066673520502069155
21,2000.0,0.85_SAC,0.85,25.3440811053655,14.350433684853746,54.04494847507299,-3.3567862643419915,191.65140287092927,0.1322405196398895,0.28199610159634697,-0.017515062316567926
22,2000.0,0.85_TQC,0.85,24.777614699159457,13.046636588120013,50.87088787539948,-1.315658477080568,191.65140287092927,0.12928480735330877,0.2654344665019713,-0.006864851795353772
23,2000.0,0.87_TQC,0.87,15.127726574889147,5.343117308283331,25.81396119145581,4.4414919583224854,187.9423437227816,0.08049131598147366,0.13735042715829848,0.02363220480464885
24,2000.0,0.9_TQC,0.9,7.819070453921323,6.412052312864279,20.64317507964988,-5.005034171807234,182.8450012243582,0.04276338101432156,0.11289986021723322,-0.0273730981885901
25,2500.0,0.85_CrossQ,0.85,26.42059800546284,15.258437684074888,56.93747337361262,-4.096277362686937,191.65140287092927,0.13785757688012445,0.29708873778481065,-0.021373584024561725
26,2500.0,0.85_SAC,0.85,28.927431639058486,14.85862850283029,58.64468864471907,-0.7898253666020949,191.65140287092927,0.1509377505498362,0.3059966572966558,-0.004121156196983413
27,2500.0,0.85_TQC,0.85,24.932753331857537,13.255336010136265,51.44342535213006,-1.577918688414993,191.65140287092927,0.13009429077150508,0.2684218564618359,-0.008233274918825759
28,2500.0,0.87_TQC,0.87,16.091112358484864,5.366913777066099,26.82493991261706,5.357284804352666,187.9423437227816,0.08561728049012493,0.14272962325182206,0.028504937728427816
29,2500.0,0.9_TQC,0.9,6.764967986817761,6.530856265264643,19.826680517347047,-6.296744543711525,182.8450012243582,0.0369983753535426,0.1084343590723539,-0.034437608365268706
30,3000.0,0.85_CrossQ,0.85,33.29482829506175,17.355766484026848,68.00636126311545,-1.4167046729919477,191.65140287092927,0.1737259826763944,0.3548440566799056,-0.007392091327116715
31,3000.0,0.85_SAC,0.85,28.726607979368556,15.799145846173577,60.32489967171571,-2.871683712978598,191.65140287092927,0.14988989148550586,0.3147636738789879,-0.014983890907976184
32,3000.0,0.85_TQC,0.85,29.247324215113327,13.926585957560555,57.10049613023443,1.3941522999922178,191.65140287092927,0.15260688821991253,0.29793935903871094,0.0072744174011141055
33,3000.0,0.87_TQC,0.87,16.833960379181462,5.277086376206011,27.388133131593484,6.279787626769441,187.9423437227816,0.08956981192068064,0.14572625087612764,0.03341337296523365
34,3000.0,0.9_TQC,0.9,6.680655987932439,6.035751057504565,18.752158102941568,-5.390846127076691,182.8450012243582,0.03653726349201641,0.1025576744093316,-0.02948314742529879
35,3500.0,0.85_CrossQ,0.85,38.02730937085419,22.96240134541085,83.95211206167589,-7.897493319967509,191.65140287092927,0.19841915478419062,0.4380459041993801,-0.041207594630998885
36,3500.0,0.85_SAC,0.85,32.154919845545734,15.602568671115128,63.36005718777599,0.949782503315479,191.65140287092927,0.16777816057626765,0.33060053951416596,0.004955781638369354
37,3500.0,0.85_TQC,0.85,27.905404222342828,13.294169952652876,54.49374412764858,1.317064317037076,191.65140287092927,0.14560500890847208,0.2843378306202552,0.006872187196688949
38,3500.0,0.87_TQC,0.87,16.85330201157461,4.949733342090398,26.752768695755407,6.953835327393813,187.9423437227816,0.0896727245055193,0.1423456160322031,0.03699983297883551
39,3500.0,0.9_TQC,0.9,7.122934911314657,5.815521653004581,18.75397821732382,-4.508108394694504,182.8450012243582,0.0389561369663835,0.10256762882082802,-0.02465535488806102
40,4000.0,0.85_CrossQ,0.85,47.17924615059173,28.573946858496225,104.32713986758418,-9.968647566400719,191.65140287092927,0.24617219307476373,0.5443588635656634,-0.05201447741613593
41,4000.0,0.85_SAC,0.85,34.22876199931639,15.652173271409426,65.53310854213524,2.924415456497538,191.65140287092927,0.17859906834268416,0.3419391017255927,0.01525903495977555
42,4000.0,0.85_TQC,0.85,27.998606486824897,12.4706301426943,52.9398667722135,3.057346201436296,191.65140287092927,0.14609132032120323,0.276229998732995,0.01595264190941151
43,4000.0,0.87_TQC,0.87,16.914241868516424,4.732375712724427,26.37899329396528,7.449490443067569,187.9423437227816,0.08999697212175474,0.14035683907866328,0.03963710516484621
44,4000.0,0.9_TQC,0.9,7.897730713086782,5.984465710534043,19.86666213415487,-4.071200707981305,182.8450012243582,0.04319358287184426,0.10865302305846289,-0.02226585731477437
45,4500.0,0.85_CrossQ,0.85,54.44529803512382,32.98701526608242,120.41932856728866,-11.528732497041027,191.65140287092927,0.28408504826750935,0.6283247957667547,-0.06015469923173606
46,4500.0,0.85_SAC,0.85,34.38408515703082,15.724807915104964,65.83370098724075,2.9344693268208886,191.65140287092927,0.17940951457677215,0.3435075350404688,0.01531149411307547
47,4500.0,0.85_TQC,0.85,31.701904507646063,12.562251738585228,56.82640798481652,6.577401030475606,191.65140287092927,0.16541441404943028,0.29650922003992414,0.03431960805893637
48,4500.0,0.87_TQC,0.87,17.59784048075405,4.925113466560002,27.448067413874057,7.747613547634048,187.9423437227816,0.0936342504417801,0.14604514805008742,0.0412233528334728
49,4500.0,0.9_TQC,0.9,8.59998221204869,6.179802726111066,20.95958766427082,-3.7596232401734415,182.8450012243582,0.047034275777089275,0.11463035644355712,-0.02056180488937858
50,5000.0,0.85_CrossQ,0.85,59.21699218814096,33.47214526350601,126.16128271515298,-7.727298338871051,191.65140287092927,0.30898282663770327,0.6582852033706131,-0.04031955009520658
51,5000.0,0.85_SAC,0.85,36.699720955685464,16.9659133037047,70.63154756309487,2.767894348276066,191.65140287092927,0.1914920548763292,0.3685417717013156,0.01444233805134288
52,5000.0,0.85_TQC,0.85,32.63548987391358,13.816283584710263,60.2680570433341,5.002922704493052,191.65140287092927,0.17028568215538956,0.3144670800240507,0.026104284286728396
53,5000.0,0.87_TQC,0.87,18.584877418286876,5.5980946973122325,29.78106681291134,7.388688023662411,187.9423437227816,0.0988860575544376,0.1584585262852684,0.039313588823606783
54,5000.0,0.9_TQC,0.9,9.555472455027042,6.593638136775643,22.742748728578327,-3.6318038185242436,182.8450012243582,0.05225996002648216,0.12438266606300084,-0.01986274601003652
55,5500.0,0.85_CrossQ,0.85,64.45013950728756,35.80637856289434,136.06289663307624,-7.162617618501116,191.65140287092927,0.3362883784925516,0.7099499121574914,-0.03737315517238815
56,5500.0,0.85_SAC,0.85,41.00246973322617,19.107484841465578,79.21743941615733,2.787500050295016,191.65140287092927,0.21394296686072237,0.4133412969040858,0.014544636817358977
57,5500.0,0.85_TQC,0.85,37.57775311615709,17.002230388204822,71.58221389256673,3.5732923397474465,191.65140287092927,0.19607345708533339,0.37350216497384536,0.018644749196821367
58,5500.0,0.87_TQC,0.87,20.23071875605466,7.3984796801988,35.027678116452265,5.433759395657059,187.9423437227816,0.10764321842179078,0.18637459458374495,0.028911842259836635
59,5500.0,0.9_TQC,0.9,11.676108807117135,8.73736361522346,29.150836037564055,-5.798618423329785,182.8450012243582,0.06385796017901565,0.15942922060961787,-0.031713300251586564
60,6000.0,0.85_CrossQ,0.85,66.39521518280804,33.509072998616205,133.41336118004045,-0.6229308144243646,191.65140287092927,0.34643740764852615,0.6961251479588169,-0.0032503326617644816
61,6000.0,0.85_SAC,0.85,45.12066497629612,22.305335709627514,89.73133639555115,0.5099935570410921,191.65140287092927,0.23543091415137388,0.4682007804345798,0.002661047868167996
62,6000.0,0.85_TQC,0.85,43.302192746492345,22.285356940198774,87.87290662688989,-1.2685211339052032,191.65140287092927,0.22594247731990202,0.45850385288371365,-0.00661889824390959
63,6000.0,0.87_TQC,0.87,22.14824711523895,9.262525621973385,40.67329835918572,3.623195871292179,187.9423437227816,0.1178459663560864,0.21641370195521017,0.019278230756962673
64,6000.0,0.9_TQC,0.9,13.799669040497992,10.733180983565768,35.26603100762953,-7.666692926633544,182.8450012243582,0.07547195136915578,0.19287391381488567,-0.0419300110765741
65,6500.0,0.85_CrossQ,0.85,69.616115624359,33.73988359978526,137.09588282392951,2.13634842478848,191.65140287092927,0.36324344399004005,0.7153398345654634,0.011147053414616736
66,6500.0,0.85_SAC,0.85,49.14473792094696,24.86398117583717,98.8727002726213,-0.583224430727384,191.65140287092927,0.25642774946992836,0.5158986513613403,-0.00304315242148353
67,6500.0,0.85_TQC,0.85,47.55078129767674,25.245270268365463,98.04132183440767,-2.939759239054183,191.65140287092927,0.2481107917049821,0.5115606792632515,-0.015339095853287394
68,6500.0,0.87_TQC,0.87,24.125336045269062,10.67523809365062,45.475812232570306,2.7748598579678223,187.9423437227816,0.12836562302774288,0.24196682520703244,0.01476442084845335
69,6500.0,0.9_TQC,0.9,15.960832351334972,12.482033699052705,40.924899749440385,-9.003235046770438,182.8450012243582,0.08729159804456664,0.22382290724603338,-0.04923971115690007
70,7000.0,0.85_CrossQ,0.85,72.79311049977849,33.35085422801714,139.49481895581278,6.0914020437442105,191.65140287092927,0.37982038956846137,0.7278570199131692,0.03178375922375357
71,7000.0,0.85_SAC,0.85,52.65232262336192,26.32091943592959,105.29416149522109,0.010483751502739835,191.65140287092927,0.2747296489075088,0.5494045956247612,5.4702190256338935e-05
72,7000.0,0.85_TQC,0.85,51.50929917570867,24.37470478905069,100.25870875381005,2.759889597607291,191.65140287092927,0.26876557334880785,0.5231305758890317,0.01440057080858408
73,7000.0,0.87_TQC,0.87,27.258953893738685,13.799052581539742,54.85705905681817,-0.33915126934079964,187.9423437227816,0.14503891647720507,0.2918823824913737,-0.001804549536963602
74,7000.0,0.9_TQC,0.9,18.22394253529882,14.150279451455718,46.52450143821026,-10.076616367612615,182.8450012243582,0.0996688037040581,0.2544477624582299,-0.05511015505011373
75,7500.0,0.85_CrossQ,0.85,73.97192319456444,30.48377201821554,134.93946723099552,13.00437915813336,191.65140287092927,0.38597120650550115,0.7040880745437208,0.0678543384672815
76,7500.0,0.85_SAC,0.85,57.758486943756594,29.9557755108846,117.6700379655258,-2.153064078012605,191.65140287092927,0.3013726280034328,0.6139795284711408,-0.011234272464275259
77,7500.0,0.85_TQC,0.85,53.00123904294983,25.371152495143214,103.74354403323625,2.258934052663399,191.65140287092927,0.27655022738677454,0.5413137732318297,0.01178668154171934
78,7500.0,0.87_TQC,0.87,32.18593587221649,18.916047200694816,70.01803027360612,-5.646158529173142,187.9423437227816,0.17125430722355647,0.37255058592269125,-0.030041971475578327
79,7500.0,0.9_TQC,0.9,20.103677389116786,15.252172106410459,50.60802160193771,-10.400666823704132,182.8450012243582,0.10994928630533772,0.27678099627038544,-0.05688242365970997
80,8000.0,0.85_CrossQ,0.85,78.18259192509232,30.83137590466761,139.84534373442756,16.519840115757106,191.65140287092927,0.4079416625911455,0.7296859904991598,0.08619733468313122
81,8000.0,0.85_SAC,0.85,62.57179639513005,31.951096159746644,126.47398871462335,-1.3303959243632377,191.65140287092927,0.32648754696186616,0.6599168428722606,-0.006941748948528252
82,8000.0,0.85_TQC,0.85,54.59989024538978,25.58223377336431,105.7643577921184,3.4354226986611565,191.65140287092927,0.2848916805590041,0.5518579890769029,0.017925372041105263
83,8000.0,0.87_TQC,0.87,39.254502708882,26.35873402639616,91.97197076167433,-13.46296534391032,187.9423437227816,0.20886460140554122,0.48936268932207566,-0.07163348651099317
84,8000.0,0.9_TQC,0.9,21.6832040952121,15.499151070683652,52.68150623657941,-9.315098046155203,182.8450012243582,0.11858789657916835,0.2881211183451336,-0.05094532518679688
85,8500.0,0.85_CrossQ,0.85,83.28208270679173,32.14704323757757,147.57616918194685,18.987996231636586,191.65140287092927,0.434549820451246,0.770023944365982,0.09907569653650987
86,8500.0,0.85_SAC,0.85,63.821426249871394,29.821350777415425,123.46412780470224,4.178724695040543,191.65140287092927,0.3330078741602166,0.6442119700415193,0.02180377827891389
87,8500.0,0.85_TQC,0.85,57.423007493126654,25.24786463619148,107.9187367655096,6.927278220743695,191.65140287092927,0.299622161032649,0.563099122411273,0.03614519965402487
88,8500.0,0.87_TQC,0.87,48.05547986460658,33.783390800913544,115.62226146643367,-19.511301737220506,187.9423437227816,0.2556926710219667,0.6152007002582591,-0.10381535821432573
89,8500.0,0.9_TQC,0.9,23.158597369446543,15.809393659212642,54.77738468787183,-8.46018994897874,182.8450012243582,0.12665698933180025,0.29958371473693046,-0.04626973607332992
90,9000.0,0.85_CrossQ,0.85,87.38326791463213,32.123484416595,151.63023674782212,23.136299081442132,191.65140287092927,0.4559490126637987,0.7911772858242,0.12072073950339746
91,9000.0,0.85_SAC,0.85,66.90377586259038,29.95940877219757,126.82259340698552,6.98495831819524,191.65140287092927,0.34909097903993846,0.661735794819077,0.03644616326079999
92,9000.0,0.85_TQC,0.85,61.01924766079983,26.1931783636072,113.40560438801423,8.63289093358543,191.65140287092927,0.3183866475628891,0.5917285377993766,0.04504475732640156
93,9000.0,0.87_TQC,0.87,56.11774609115897,38.276394609398665,132.6705353099563,-20.43504312763836,187.9423437227816,0.2985902217646795,0.705910827129238,-0.10873038359987902
94,9000.0,0.9_TQC,0.9,24.52201529375869,16.153979229607437,56.829973752973565,-7.785943165456182,182.8450012243582,0.1341136762260686,0.31080955657760034,-0.04258220412546315
95,9500.0,0.85_CrossQ,0.85,88.68175456437658,31.648372498876302,151.97849956212917,25.38500956662397,191.65140287092927,0.4627242651810941,0.7929944539173635,0.13245407644482474
96,9500.0,0.85_SAC,0.85,70.47160067295493,30.71677022898805,131.90514113093104,9.038060214978834,191.65140287092927,0.3677071997245706,0.6882555470766091,0.04715885237253213
97,9500.0,0.85_TQC,0.85,67.67820241073484,30.75647221237086,129.19114683547656,6.165257985993122,191.65140287092927,0.3531317871767097,0.6740944490893314,0.03216912526408802
98,9500.0,0.87_TQC,0.87,63.2237139644877,40.47789968411438,144.17951333271645,-17.732085403741053,187.9423437227816,0.33639951866165846,0.767147575563833,-0.09434853824051595
99,9500.0,0.9_TQC,0.9,25.931658617647294,16.403453400488782,58.73856541862486,-6.875248183330271,182.8450012243582,0.1418231750608708,0.32124786034784875,-0.0376015102261071
100,10000.0,0.85_CrossQ,0.85,92.45518072868373,31.117433119544287,154.6900469677723,30.220314489595154,191.65140287092927,0.4824132740157877,0.807142784506257,0.1576837635253185
101,10000.0,0.85_SAC,0.85,77.96544227004354,34.854690799871,147.67482386978554,8.256060670301537,191.65140287092927,0.4068086176366297,0.7705387054705753,0.04307852980268406
102,10000.0,0.85_TQC,0.85,72.09111537647054,31.841103536068648,135.77332244860784,8.408908304333245,191.65140287092927,0.3761575146153324,0.7084389699982868,0.04387605923237807
103,10000.0,0.87_TQC,0.87,69.72277497243664,42.08837032281828,153.8995156180732,-14.453965673199917,187.9423437227816,0.37097959720710416,0.8188655763763264,-0.07690638196211803
104,10000.0,0.9_TQC,0.9,26.80710892637861,16.16383533054109,59.13477958746079,-5.52056173470357,182.8450012243582,0.14661111185361422,0.32341480046752835,-0.03019257676029993
105,10500.0,0.85_CrossQ,0.85,93.35490737877315,29.869851484869066,153.09461034851128,33.615204409035016,191.65140287092927,0.4871078738810199,0.7988181044081129,0.1753976433539269
106,10500.0,0.85_SAC,0.85,83.62506342842548,36.633018179225424,156.89109978687634,10.35902706997463,191.65140287092927,0.43633942760515104,0.8186274529518429,0.054051402258459245
107,10500.0,0.85_TQC,0.85,74.42941943534196,30.834394359108753,136.09820815355945,12.76063071712445,191.65140287092927,0.3883583335180053,0.710134160850453,0.06658250618555765
108,10500.0,0.87_TQC,0.87,75.46713235867598,43.09925478990516,161.66564193848632,-10.731377221134338,187.9423437227816,0.40154406326863407,0.860187431614379,-0.05709930507711086
109,10500.0,0.9_TQC,0.9,27.781423047335107,15.944508257649572,59.67043956263425,-4.107593467964037,182.8450012243582,0.1519397460215288,0.3263443854798973,-0.022464893436839727
110,11000.0,0.85_CrossQ,0.85,93.00658019398921,28.438934374186232,149.88444894236167,36.128711445616744,191.65140287092927,0.4852903699151422,0.7820681022789265,0.1885126375513578
111,11000.0,0.85_SAC,0.85,86.56946523703861,36.029213795109655,158.62789282725794,14.511037646819304,191.65140287092927,0.451702747489619,0.8276897035504011,0.07571579142883705
112,11000.0,0.85_TQC,0.85,78.56874120225314,31.244016111204814,141.05677342466277,16.080708979843507,191.65140287092927,0.40995651492917334,0.7360069966180196,0.08390603324032707
113,11000.0,0.87_TQC,0.87,80.88994222128656,43.47238158321209,167.83470538771076,-6.054820945137621,187.9423437227816,0.4303976454640829,0.8930116655098759,-0.03221637458170998
114,11000.0,0.9_TQC,0.9,28.04484982048978,15.418941066089115,58.88273195266801,-2.7930323116884495,182.8450012243582,0.15338045684977528,0.32203632343449473,-0.01527540973494422
115,11500.0,0.85_CrossQ,0.85,95.0413797676035,27.448701971064352,149.9387837097322,40.1439758254748,191.65140287092927,0.4959075610399296,0.7823516105995368,0.20946351148032244
116,11500.0,0.85_SAC,0.85,89.92145975852257,35.82008382004223,161.56162739860702,18.281292118438117,191.65140287092927,0.4691928074175467,0.842997363851353,0.09538825098374024
117,11500.0,0.85_TQC,0.85,83.63037492652518,32.22665682733578,148.08368858119672,19.177061271853617,191.65140287092927,0.43636714197624427,0.772672082556714,0.10006220139577438
118,11500.0,0.87_TQC,0.87,84.73636064788553,42.52561018477988,169.7875810174453,-0.3148597216742246,187.9423437227816,0.4508635944908361,0.903402488520017,-0.001675299538344847
119,11500.0,0.9_TQC,0.9,27.979339105665947,14.984558502415469,57.948456110496885,-1.9897778991649915,182.8450012243582,0.15302217133808413,0.3169266631434555,-0.010882320467287227
120,12000.0,0.85_CrossQ,0.85,97.319092789229,26.82667649806465,150.9724457853583,43.6657397930997,191.65140287092927,0.5077922276142696,0.7877450596436966,0.22783939558484265
121,12000.0,0.85_SAC,0.85,92.53781041151808,36.23398072426175,165.0057718600416,20.069848962994584,191.65140287092927,0.48284441973972486,0.8609682443658782,0.10472059511357162
122,12000.0,0.85_TQC,0.85,87.7809298626843,32.90998061004845,153.6008910827812,21.960968642587403,191.65140287092927,0.45802393589470247,0.8014597794842452,0.11458809230515976
123,12000.0,0.87_TQC,0.87,89.84604056326437,41.57168999927601,172.9894205618164,6.702660564712346,187.9423437227816,0.4780510808984532,0.920438774654098,0.035663387142808506
124,12000.0,0.9_TQC,0.9,27.713623872613127,14.65792617091419,57.0294762144415,-1.6022284692152517,182.8450012243582,0.15156894466372306,0.3119006581124087,-0.008762768784962585
125,12500.0,0.85_CrossQ,0.85,101.1162772402537,27.18106561163869,155.47840846353108,46.754146016976314,191.65140287092927,0.527605202599806,0.8112563025079473,0.24395410269166487
126,12500.0,0.85_SAC,0.85,93.90107474936701,36.01449622763751,165.93006720464203,21.872082294091996,191.65140287092927,0.4899576697208223,0.8657910389332778,0.11412430050836676
127,12500.0,0.85_TQC,0.85,91.83547983953294,33.66917523516015,159.17383030985323,24.497129369212644,191.65140287092927,0.479179794480195,0.830538299879033,0.1278212890813569
128,12500.0,0.87_TQC,0.87,96.36927638993895,41.655967559950554,179.68121150984007,13.057341270037838,187.9423437227816,0.5127597883534186,0.9560443269499349,0.06947524975690234
129,12500.0,0.9_TQC,0.9,27.755082134183613,14.321170661413582,56.397423457010774,-0.8872591886435508,182.8450012243582,0.1517956845871165,0.30844389006735196,-0.0048525208931189095
130,13000.0,0.85_CrossQ,0.85,102.93793444920139,26.64866469847885,156.23526384615909,49.64060505224369,191.65140287092927,0.5371102580372271,0.8152054276971729,0.2590150883772813
131,13000.0,0.85_SAC,0.85,97.322868132032,35.616551876555256,168.55597188514253,26.089764378921487,191.65140287092927,0.5078119266237547,0.8794925023254814,0.13613135092202824
132,13000.0,0.85_TQC,0.85,95.10610663193881,33.683008679702255,162.47212399134332,27.740089272534306,191.65140287092927,0.4962452933151215,0.8477481591969499,0.14474242743329313
133,13000.0,0.87_TQC,0.87,101.08809141289277,41.42258053681506,183.9332524865229,18.242930339262642,187.9423437227816,0.5378675683751158,0.9786685046230338,0.097066632127198
134,13000.0,0.9_TQC,0.9,27.78919805010785,13.982327841242796,55.75385373259344,-0.1754576323777428,182.8450012243582,0.15198226839140863,0.3049241344267389,-0.0009595976439216361
135,13500.0,0.85_CrossQ,0.85,105.10833024119682,26.082207752490113,157.27274574617707,52.9439147362166,191.65140287092927,0.5484349640371989,0.8206188078471564,0.2762511202272416
136,13500.0,0.85_SAC,0.85,95.98103552899893,35.08805538900393,166.15714630700677,25.804924750991077,191.65140287092927,0.5008105032950837,0.8669758938258749,0.13464511276429225
137,13500.0,0.85_TQC,0.85,98.39409058680059,33.85497268137156,166.1040359495437,30.684145224057474,191.65140287092927,0.5134013584709614,0.8666987742396497,0.16010394270227288
138,13500.0,0.87_TQC,0.87,104.0775368914495,40.276267111195494,184.63007111384047,23.52500266905851,187.9423437227816,0.5537737522575847,0.9823761237444885,0.12517138077068102
139,13500.0,0.9_TQC,0.9,28.109905878157388,13.622087134114162,55.35408014638571,0.865731609929064,182.8450012243582,0.15373625579003605,0.30273772745071664,0.004734784129355422
140,14000.0,0.85_CrossQ,0.85,108.60073839581506,26.10544809147255,160.81163457876016,56.38984221286996,191.65140287092927,0.566657675179941,0.8390840461891185,0.29423130417076365
141,14000.0,0.85_SAC,0.85,96.89666490844246,34.39664985957585,165.68996462759418,28.103365189290756,191.65140287092927,0.5055880805302484,0.8645382300654525,0.14663793099504427
142,14000.0,0.85_TQC,0.85,100.96500387685279,33.14024720757068,167.24549829199415,34.68450946171143,191.65140287092927,0.5268158874101709,0.8726547042529521,0.18097707056738985
143,14000.0,0.87_TQC,0.87,106.2089471224344,38.509353669891496,183.2276544622174,29.190239782651403,187.9423437227816,0.5651145187329074,0.9749141722553037,0.15531486521051127
144,14000.0,0.9_TQC,0.9,28.769398059823335,13.495705842584734,55.7608097449928,1.7779863746538673,182.8450012243582,0.15734309315091485,0.30496217764560063,0.009724008656229032
145,14500.0,0.85_CrossQ,0.85,111.52072126128284,26.954686752903015,165.43009476708886,57.611347755476814,191.65140287092927,0.581893581735941,0.8631822793308768,0.3006048841410052
146,14500.0,0.85_SAC,0.85,98.58291809872887,33.38668816909967,165.3562944369282,31.809541760529527,191.65140287092927,0.5143866239534971,0.8627972034636765,0.16597604444331762
147,14500.0,0.85_TQC,0.85,102.53238357467376,31.842745440289438,166.21787445525263,38.84689269409488,191.65140287092927,0.5349941719118323,0.8672927615729207,0.2026955822507438
148,14500.0,0.87_TQC,0.87,108.35483517299207,37.11856616770719,182.59196750840647,34.11770283757768,187.9423437227816,0.5765323185115614,0.9715318213639655,0.18153281565915724
149,14500.0,0.9_TQC,0.9,29.473347861782194,13.477496846968988,56.428341555720166,2.518354167844219,182.8450012243582,0.16119307426740753,0.30861298464747366,0.013773163887341369
150,15000.0,0.85_CrossQ,0.85,114.5836927940654,27.620388008960408,169.8244688119862,59.342916776144584,191.65140287092927,0.597875575537705,0.8861112742616198,0.30963987681379
151,15000.0,0.85_SAC,0.85,96.61564977599454,32.115199693470394,160.84604916293534,32.38525038905375,191.65140287092927,0.5041217978511846,0.8392636148416805,0.1689799808606886
152,15000.0,0.85_TQC,0.85,105.67581194542853,31.176334927621287,168.0284818006711,43.32314209018596,191.65140287092927,0.5513959739527584,0.8767401609568838,0.22605178694863312
153,15000.0,0.87_TQC,0.87,110.0751662566996,35.56072747729542,181.19662121129045,38.95371130210876,187.9423437227816,0.5856858229833639,0.964107489680765,0.20726415628596287
154,15000.0,0.9_TQC,0.9,30.217206088418333,13.51296961998755,57.24314532839343,3.1912668484432345,182.8450012243582,0.16526131907396582,0.31306923867256164,0.017453399475369967
155,15500.0,0.85_CrossQ,0.85,115.5690801702445,27.406881157359706,170.38284248496393,60.75531785552509,191.65140287092927,0.6030171365250917,0.8890247602294412,0.31700951282074225
156,15500.0,0.85_SAC,0.85,97.98098604007221,31.096159259129983,160.17330455833218,35.78866752181224,191.65140287092927,0.5112458587431217,0.8357533634450016,0.18673835404124173
157,15500.0,0.85_TQC,0.85,111.36979201916408,32.104887981984916,175.57956798313393,47.16001605519425,191.65140287092927,0.5811060621046842,0.9161402700578237,0.24607185415154473
158,15500.0,0.87_TQC,0.87,112.15006069814771,33.91152309727224,179.9731068926922,44.32701450360324,187.9423437227816,0.5967258813350285,0.9575974382768995,0.23585432439315748
159,15500.0,0.9_TQC,0.9,30.83191394896225,13.512355092456515,57.85662413387528,3.80720376404922,182.8450012243582,0.1686232259154312,0.3164244236728291,0.020822028158033298
160,16000.0,0.85_CrossQ,0.85,116.1533689204248,26.95072582564397,170.05482057171275,62.251917269136854,191.65140287092927,0.6060658423598921,0.8873132052481709,0.3248184794716134
161,16000.0,0.85_SAC,0.85,100.17216623036026,30.061854551758195,160.29587533387667,40.04845712684387,191.65140287092927,0.5226790137185837,0.836392914075513,0.2089651133616546
162,16000.0,0.85_TQC,0.85,114.17375199864374,31.56433695305071,177.30242590474515,51.04507809254232,191.65140287092927,0.5957365836530604,0.9251298098984035,0.26634335740771725
163,16000.0,0.87_TQC,0.87,114.70326922659976,32.59742611426568,179.8981214551311,49.5084169980684,187.9423437227816,0.6103109440615957,0.9571984572060255,0.26342343091716586
164,16000.0,0.9_TQC,0.9,31.217214280324214,13.337809457370982,57.892833195066174,4.54159536558225,182.8450012243582,0.17073047702310126,0.316622455125417,0.024838498920785528
165,16500.0,0.85_CrossQ,0.85,111.7669991430237,24.827304140088696,161.4216074232011,62.112390862846304,191.65140287092927,0.5831786121508069,0.8422667666665247,0.32409045763508915
166,16500.0,0.85_SAC,0.85,96.95271524637278,28.789936058085548,154.53258736254386,39.37284313020168,191.65140287092927,0.5058805403666528,0.8063211907017259,0.20543989003157967
167,16500.0,0.85_TQC,0.85,119.3283737003182,31.880505449625378,183.08938459956894,55.56736280106744,191.65140287092927,0.6226324040042733,0.9553250425350314,0.28993976547351535
168,16500.0,0.87_TQC,0.87,117.37230623853527,31.315087334781612,180.0024809080985,54.74213156897205,187.9423437227816,0.6245123047505546,0.9577537309719063,0.2912708785292031
169,16500.0,0.9_TQC,0.9,31.616652928484203,13.076301336689331,57.76925560186287,5.4640502551055405,182.8450012243582,0.17291505218504327,0.3159465952857943,0.029883509084292274
170,17000.0,0.85_CrossQ,0.85,119.0096633103202,25.189510456048612,169.38868422241742,68.63064239822299,191.65140287092927,0.6209694347526857,0.8838374344512102,0.3581014350541613
171,17000.0,0.85_SAC,0.85,102.06821859295808,28.25070322668712,158.5696250463323,45.56681213958384,191.65140287092927,0.5325722486972744,0.8273856735247775,0.2377588238697712
172,17000.0,0.85_TQC,0.85,117.80656434893024,29.846420230076284,177.49940480908282,58.11372388877767,191.65140287092927,0.6146918967677423,0.9261576077719746,0.3032261857635099
173,17000.0,0.87_TQC,0.87,119.53642337899089,30.1928090538419,179.9220414866747,59.15080527130709,187.9423437227816,0.6360270975193824,0.9573257304488179,0.31472846458994685
174,17000.0,0.9_TQC,0.9,32.72425282834662,13.472919584964897,59.67009199827642,5.778413658416827,182.8450012243582,0.17897264135863708,0.32634248461109855,0.031602798106175625
175,17500.0,0.85_CrossQ,0.85,120.68135771960607,24.049286455813828,168.77993063123373,72.58278480797841,191.65140287092927,0.6296920132689082,0.8806610758017842,0.37872295073603224
176,17500.0,0.85_SAC,0.85,101.70780214958387,28.525012661695403,158.75782747297467,44.657776826193064,191.65140287092927,0.5306916653152841,0.8283676774330354,0.23301565319753262
177,17500.0,0.85_TQC,0.85,123.17659736213513,29.748363197581302,182.67332375729774,63.67987096697252,191.65140287092927,0.642711691732778,0.9531541174280995,0.3322692660374563
178,17500.0,0.87_TQC,0.87,120.54267336559292,28.91577026770326,178.37421390099945,62.7111328301864,187.9423437227816,0.6413811330532069,0.9490900792644402,0.3336721868419736
179,17500.0,0.9_TQC,0.9,33.38560609850094,13.40705013100601,60.19970636051296,6.5715058364889245,182.8450012243582,0.1825896572230348,0.3292390054822745,0.03594030896379508
180,18000.0,0.85_CrossQ,0.85,124.85150482898902,23.376894699462998,171.605294227915,78.09771543006303,191.65140287092927,0.6514510353627428,0.8954032772903069,0.40749879343517875
181,18000.0,0.85_SAC,0.85,103.85081028599888,28.871018187166538,161.59284666033196,46.1087739116658,191.65140287092927,0.5418734678187505,0.8431602599285917,0.24058667570890935
182,18000.0,0.85_TQC,0.85,124.40040138525036,28.87417813192515,182.14875764910067,66.65204512140006,191.65140287092927,0.6490972647303282,0.9504170328028941,0.3477774966577623
183,18000.0,0.87_TQC,0.87,121.4412709656494,27.360777383286987,176.16282573222338,66.71971619907542,187.9423437227816,0.6461623738436374,0.9373237677192467,0.355000979968028
184,18000.0,0.9_TQC,0.9,33.75227173308135,13.29434160208877,60.340954937258886,7.163588528903812,182.8450012243582,0.18459499306555255,0.3300115099303048,0.039178476200800255
185,18500.0,0.85_CrossQ,0.85,125.83740772129367,23.995907737241218,173.8292231957761,77.84559224681124,191.65140287092927,0.6565952862136935,0.9070073090612554,0.4061832633661315
186,18500.0,0.85_SAC,0.85,105.81405434734664,28.635414050133086,163.0848824476128,48.54322624708047,191.65140287092927,0.5521172961024909,0.8509454144587971,0.25328917774618476
187,18500.0,0.85_TQC,0.85,127.22227273428862,27.704604836158826,182.63148240660627,71.81306306197098,191.65140287092927,0.6638212443452267,0.9529357973424405,0.37470669134801293
188,18500.0,0.87_TQC,0.87,123.02929426658275,26.103100030367933,175.23549432731863,70.82309420584689,187.9423437227816,0.6546118976150112,0.9323896406538071,0.3768341545762154
189,18500.0,0.9_TQC,0.9,34.23492221393953,13.377450489844495,60.98982319362852,7.480021234250536,182.8450012243582,0.18723466315566314,0.33356024384167626,0.04090908246965006
190,19000.0,0.85_CrossQ,0.85,127.56356672552336,24.216933526862324,175.997433779248,79.1296996717987,191.65140287092927,0.6656020504657255,0.9183206130652554,0.41288348786619566
191,19000.0,0.85_SAC,0.85,110.01336512164089,28.69378680621381,167.40093873406852,52.625791509213265,191.65140287092927,0.5740284885664582,0.8734657624541751,0.27459121467874126
192,19000.0,0.85_TQC,0.85,127.60071694790533,26.024345852402035,179.64940865270938,75.55202524310126,191.65140287092927,0.6657958931500234,0.9373759125243512,0.39421587377569567
193,19000.0,0.87_TQC,0.87,124.33978281826728,24.83678326988014,174.01334935802757,74.666216278507,187.9423437227816,0.6615847198419039,0.9258868752573419,0.397282564426466
194,19000.0,0.9_TQC,0.9,34.87542862992942,13.308101673406421,61.491631976742255,8.259225283116574,182.8450012243582,0.19073766521588334,0.33630469285452075,0.04517063757724594
195,19500.0,0.85_CrossQ,0.85,125.02643011237394,25.29201682669975,175.61046376577343,74.44239645897444,191.65140287092927,0.6523637617021515,0.916301478283679,0.3884260451206239
196,19500.0,0.85_SAC,0.85,113.06851586132049,28.170616648553235,169.40974915842696,56.72728256421402,191.65140287092927,0.5899696749805078,0.8839473472183175,0.29599200274269805
197,19500.0,0.85_TQC,0.85,128.16675104596212,24.727357408171994,177.6214658623061,78.71203622961812,191.65140287092927,0.6687493497361878,0.9267944987698741,0.4107042007025016
198,19500.0,0.87_TQC,0.87,125.37260971913159,23.32580111818785,172.0242119555073,78.72100748275588,187.9423437227816,0.6670801653088805,0.9153031113054871,0.4188572193122738
199,19500.0,0.9_TQC,0.9,35.070551185860865,13.08312917181832,61.236809529497506,8.904292842224226,182.8450012243582,0.19180481255174092,0.3349110400582265,0.048698585045255344
200,20000.0,0.85_CrossQ,0.85,125.45941832142258,26.303527450668646,178.06647322275987,72.85236342008528,191.65140287092927,0.6546230105391675,0.9291164612172529,0.38012955986108216
201,20000.0,0.85_SAC,0.85,115.9727485177616,26.719165490320844,169.4110794984033,62.534417537119914,191.65140287092927,0.6051233999881823,0.88395428867534,0.3262925113010246
202,20000.0,0.85_TQC,0.85,130.36888272623418,23.567056635037513,177.5029959963092,83.23476945615914,191.65140287092927,0.6802396474709512,0.9261763458932334,0.43430294904866906
203,20000.0,0.87_TQC,0.87,127.61071624601962,22.55051564329861,172.71174753261684,82.5096849594224,187.9423437227816,0.678988639378935,0.9189613373523203,0.4390159414055499
204,20000.0,0.9_TQC,0.9,35.20282292020308,12.831263992570586,60.86535090534426,9.540294935061912,182.8450012243582,0.19252822163296548,0.33287949081342405,0.05217695245250694
205,20500.0,0.85_CrossQ,0.85,123.92102268039815,26.793560377149493,177.50814343469713,70.33390192609917,191.65140287092927,0.6465959592471898,0.926203204232441,0.36698871426193874
206,20500.0,0.85_SAC,0.85,114.89069375589132,26.53728174923732,167.96525725436595,61.81613025741668,191.65140287092927,0.5994774472549325,0.8764102674869793,0.32254462702288567
207,20500.0,0.85_TQC,0.85,134.1990018472594,22.646301078473638,179.4916040042067,88.90639969031213,191.65140287092927,0.7002244692027529,0.9365525183506651,0.4638964200548408
208,20500.0,0.87_TQC,0.87,130.58023838576025,22.090020857532075,174.7602801008244,86.4001966706961,187.9423437227816,0.6947888155442421,0.9298611299569564,0.45971650113152773
209,20500.0,0.9_TQC,0.9,35.70765978105172,12.622894337174332,60.95344845540038,10.461871106703054,182.8450012243582,0.19528923154555905,0.33336130628262584,0.05721715680849221
210,21000.0,0.85_CrossQ,0.85,123.67206222604636,26.524369944339195,176.72080211472476,70.62332233736797,191.65140287092927,0.6452969316866171,0.9220950093109427,0.3684988540622913
211,21000.0,0.85_SAC,0.85,121.32297346349566,25.148819302391225,171.6206120682781,71.02533485871321,191.65140287092927,0.6330398402833637,0.8954832028224639,0.37059647774426346
212,21000.0,0.85_TQC,0.85,134.8292106589076,22.19874774915601,179.22670615721964,90.43171516059559,191.65140287092927,0.7035127770481833,0.9351703325538543,0.4718552215425122
213,21000.0,0.87_TQC,0.87,133.096113880894,21.322424017407226,175.74096191570845,90.45126584607954,187.9423437227816,0.708175237386702,0.9350791228555156,0.4812713519178882
214,21000.0,0.9_TQC,0.9,36.59376710768487,12.789578096844831,62.17292330137453,11.014610913995206,182.8450012243582,0.2001354527750137,0.34003075219478296,0.06024015335524449
215,21500.0,0.85_CrossQ,0.85,121.29074858887904,26.13147991035498,173.553708409589,69.02778876816907,191.65140287092927,0.6328716971123047,0.9055697261265108,0.36017366809809864
216,21500.0,0.85_SAC,0.85,119.93710687959201,26.552916539228256,173.04293995804852,66.8312738011355,191.65140287092927,0.6258086561482964,0.9029046350085268,0.34871267728806604
217,21500.0,0.85_TQC,0.85,135.7958736735878,21.502806958035343,178.8014875896585,92.79025975751712,191.65140287092927,0.708556637934144,0.9329516242053039,0.48416165166298425
218,21500.0,0.87_TQC,0.87,134.90059130314805,20.143642981234233,175.18787726561652,94.61330534067957,187.9423437227816,0.7177764660747707,0.9321362807096939,0.5034166514398476
219,21500.0,0.9_TQC,0.9,37.37376690420444,13.001335453639168,63.376437811482774,11.371095996926101,182.8450012243582,0.20440135991656294,0.34661290922423044,0.06218981060889549
220,22000.0,0.85_CrossQ,0.85,120.77153055554825,25.090240172610176,170.9520109007686,70.5910502103279,191.65140287092927,0.6301625177086952,0.8919945710801762,0.3683304643372142
221,22000.0,0.85_SAC,0.85,124.86640574719644,26.409218421480325,177.68484259015707,72.04796890423579,191.65140287092927,0.651528785475626,0.9271251862936887,0.3759323846575632
222,22000.0,0.85_TQC,0.85,138.59141676249584,20.916713248723493,180.42484325994283,96.75799026504885,191.65140287092927,0.723143241773359,0.9414219805187278,0.5048645030279902
223,22000.0,0.87_TQC,0.87,137.04559409615442,19.282168115268863,175.60993032669214,98.4812578656167,187.9423437227816,0.7291895555921085,0.9343819325022359,0.523997178681981
224,22000.0,0.9_TQC,0.9,37.980428209702595,13.006646902028974,63.99372201376055,11.967134405644646,182.8450012243582,0.20771925923804213,0.3499889063701428,0.06544961210594151
225,22500.0,0.85_CrossQ,0.85,125.44718813981724,23.82877391174452,173.10473596330627,77.7896403163282,191.65140287092927,0.6545591958139836,0.9032270746271889,0.4058913170007782
226,22500.0,0.85_SAC,0.85,128.63907216152782,25.799635742350898,180.23834364622962,77.03980067682602,191.65140287092927,0.6712138300817024,0.9404488615594118,0.40197879860399305
227,22500.0,0.85_TQC,0.85,140.95466100268834,20.128177011723363,181.21101502613507,100.69830697924161,191.65140287092927,0.7354741937246164,0.9455240729345172,0.5254243145147156
228,22500.0,0.87_TQC,0.87,139.29271063676478,18.73221596415626,176.7571425650773,101.82827870845226,187.9423437227816,0.7411459699695141,0.940485997268382,0.5418059426706461
229,22500.0,0.9_TQC,0.9,38.68388138912308,13.121890289625982,64.92766196837505,12.440100809871115,182.8450012243582,0.21156652426968126,0.3550967296541303,0.06803631888523225
230,23000.0,0.85_CrossQ,0.85,121.69880928196814,23.90259725157966,169.50400378512745,73.89361477880882,191.65140287092927,0.6350008789861463,0.8844391496538256,0.385562608318467
231,23000.0,0.85_SAC,0.85,132.16600040203292,24.379449252233403,180.92489890649972,83.40710189756612,191.65140287092927,0.6896166603645592,0.9440311742896372,0.43520214643948096
232,23000.0,0.85_TQC,0.85,143.08345254618686,19.069367746741204,181.22218803966928,104.94471705270445,191.65140287092927,0.7465818167923807,0.9455823715609131,0.5475812620238484
233,23000.0,0.87_TQC,0.87,140.94316960253485,17.99790288837183,176.9389753792785,104.9473638257912,187.9423437227816,0.7499277002229396,0.9414534898014613,0.5584019106444181
234,23000.0,0.9_TQC,0.9,39.318564051871455,13.1621381484564,65.64284034878426,12.994287754958656,182.8450012243582,0.21503767556448528,0.35900812113664426,0.07106722999232634
235,23500.0,0.85_CrossQ,0.85,126.95164407495467,22.424164927015312,171.7999739289853,82.10331422092405,191.65140287092927,0.6624091562765774,0.8964190783653526,0.4283992341878021
236,23500.0,0.85_SAC,0.85,129.65223394727963,24.606848182449873,178.8659303121794,80.43853758237988,191.65140287092927,0.6765003125732193,0.9332878738833941,0.4197127512630445
237,23500.0,0.85_TQC,0.85,144.74912476572595,18.569781959717663,181.88868868516127,107.60956084629063,191.65140287092927,0.7552729726857756,0.949060043185059,0.5614859021864923
238,23500.0,0.87_TQC,0.87,140.94570675652304,17.109442634448964,175.16459202542097,106.7268214876251,187.9423437227816,0.7499411998629778,0.932012385052471,0.5678700146734847
239,23500.0,0.9_TQC,0.9,40.11135700776165,13.217726352038452,66.54680971183855,13.675904303684742,182.8450012243582,0.2193735499421359,0.3639520318643162,0.07479506801995563
240,24000.0,0.85_CrossQ,0.85,130.972904219269,21.459276546327715,173.89145731192443,88.05435112661357,191.65140287092927,0.6833913149463081,0.9073320346579171,0.45945059523469906
241,24000.0,0.85_SAC,0.85,130.93874188397325,23.27291510599624,177.48457209596575,84.39291167198077,191.65140287092927,0.6832130624796734,0.9260802135400782,0.44034591141926854
242,24000.0,0.85_TQC,0.85,144.44989767623895,16.851099047037767,178.15209577031447,110.74769958216342,191.65140287092927,0.7537116635327792,0.9295632231311861,0.5778601039343721
243,24000.0,0.87_TQC,0.87,140.1993740892228,16.346131175823757,172.89163644087031,107.50711173757529,187.9423437227816,0.745970127391938,0.9199184867881005,0.5720217679957755
244,24000.0,0.9_TQC,0.9,41.2184528122558,13.473347282166413,68.16514737658862,14.271758247922971,182.8450012243582,0.22542838216112393,0.3728029036623606,0.07805386065988726
245,24500.0,0.85_CrossQ,0.85,129.42461088685673,22.219643641367618,173.86389816959195,84.98532360412149,191.65140287092927,0.6753126194125477,0.9071882363766646,0.44343700244843093
246,24500.0,0.85_SAC,0.85,132.8945210579949,21.818282606831172,176.53108627165724,89.25795584433254,191.65140287092927,0.6934179404232947,0.9211051086881161,0.4657307721584733
247,24500.0,0.85_TQC,0.85,144.74550139130102,16.20267966785648,177.150860727014,112.34014205558806,191.65140287092927,0.7552540666179324,0.9243389720779612,0.5861691611579036
248,24500.0,0.87_TQC,0.87,139.59162181984144,15.441514344590411,170.47465050902227,108.70859313066062,187.9423437227816,0.7427364108310879,0.907058234627932,0.5784145870342438
249,24500.0,0.9_TQC,0.9,43.184759092706486,15.412877008043722,74.01051310879393,12.359005076619042,182.8450012243582,0.23618233368992703,0.40477187023549,0.06759279714436406
250,25000.0,0.85_CrossQ,0.85,123.6268174957882,22.278833772964653,168.1844850417175,79.0691499498589,191.65140287092927,0.6450608534237898,0.8775541557344302,0.41256755111314936
251,25000.0,0.85_SAC,0.85,131.38689537773752,21.136801710306965,173.66049879835145,89.11329195712358,191.65140287092927,0.6855514408429462,0.9061269377469985,0.4649759439388939
252,25000.0,0.85_TQC,0.85,144.94254795143488,14.96979949758452,174.8821469466039,115.00294895626584,191.65140287092927,0.7562822175063794,0.9125012618059525,0.6000631732068062
253,25000.0,0.87_TQC,0.87,140.35011265653245,14.466025117072434,169.2821628906773,111.41806242238758,187.9423437227816,0.7467721742554804,0.9007132694927525,0.5928310790182082
254,25000.0,0.9_TQC,0.9,45.111574546705945,17.571020668511586,80.25361588372911,9.969533209682773,182.8450012243582,0.2467203054206126,0.43891610569793305,0.054524505143292115
255,25500.0,0.85_CrossQ,0.85,133.92989014668814,20.487563901903417,174.90501795049497,92.95476234288131,191.65140287092927,0.6988202963319051,0.912620598286398,0.4850199943774124
256,25500.0,0.85_SAC,0.85,129.59020654891464,20.319243180303644,170.22869290952193,88.95172018830735,191.65140287092927,0.6761766655900205,0.8882204375209566,0.46413289365908433
257,25500.0,0.85_TQC,0.85,145.87660053158555,14.39831160017586,174.67322373193727,117.07997733123383,191.65140287092927,0.7611559234441321,0.9114111408282973,0.6109007060599667
258,25500.0,0.87_TQC,0.87,142.36092820933365,14.316181408474653,170.99329102628295,113.72856539238434,187.9423437227816,0.7574712828915161,0.9098178070956761,0.605124758687356
259,25500.0,0.9_TQC,0.9,46.43827396161652,18.49188974108517,83.42205344378687,9.454494479446176,182.8450012243582,0.2539761746323865,0.45624464921206476,0.05170770005270819
260,26000.0,0.85_CrossQ,0.85,136.844835373091,20.019895805458336,176.88462698400767,96.80504376217434,191.65140287092927,0.7140299174603557,0.9229498158337691,0.5051100190869422
261,26000.0,0.85_SAC,0.85,130.99016363961027,19.415941903603734,169.82204744681775,92.1582798324028,191.65140287092927,0.6834813712677476,0.8860986400458918,0.4808641024896034
262,26000.0,0.85_TQC,0.85,146.22071800361272,13.407352572799661,173.03542314921205,119.4060128580134,191.65140287092927,0.7629514619420105,0.9028654137519961,0.623037510132025
263,26000.0,0.87_TQC,0.87,143.3520998594181,13.833414548785749,171.0189289569896,115.68527076184661,187.9423437227816,0.762745089903024,0.9099542209032238,0.6155359589028245
264,26000.0,0.9_TQC,0.9,47.937733403526025,19.223432470757373,86.38459834504077,9.490868462011278,182.8450012243582,0.26217688797904015,0.4724471424791284,0.05190663347895193
265,26500.0,0.85_CrossQ,0.85,135.43299055939164,20.954021355732706,177.34103327085705,93.52494784792623,191.65140287092927,0.706663183940277,0.9253312556772163,0.4879951122033378
266,26500.0,0.85_SAC,0.85,133.89175588615166,18.126953754688547,170.14566339552874,97.63784837677457,191.65140287092927,0.6986213191265979,0.8877872055552658,0.5094554326979299
267,26500.0,0.85_TQC,0.85,146.29311011020755,12.434946574911834,171.16300326003122,121.42321696038388,191.65140287092927,0.7633291899706626,0.8930954884546486,0.6335628914866764
268,26500.0,0.87_TQC,0.87,142.52929699318574,13.11164876337639,168.75259451993853,116.30599946643295,187.9423437227816,0.7583671362714252,0.8978955523128502,0.6188387202300001
269,26500.0,0.9_TQC,0.9,49.164505094584825,19.678046427362318,88.52059794930946,9.80841223986019,182.8450012243582,0.2688862411625789,0.48412916599612754,0.05364331632903035
270,27000.0,0.85_CrossQ,0.85,132.4608021989296,21.153048538290886,174.76689927551138,90.15470512234782,191.65140287092927,0.6911548791956272,0.9118999217199102,0.4704098366713442
271,27000.0,0.85_SAC,0.85,133.82503899283756,17.736924723306256,169.29888843945008,98.35118954622504,191.65140287092927,0.698273203264597,0.8833688974010128,0.5131775091281812
272,27000.0,0.85_TQC,0.85,147.3476374571629,12.014039254811575,171.37571596678606,123.31955894753975,191.65140287092927,0.768831509970196,0.894205382270026,0.643457637670366
273,27000.0,0.87_TQC,0.87,142.3321427426523,12.461296327301557,167.25473539725542,117.4095500880492,187.9423437227816,0.7573181217352213,0.8899257723632478,0.6247104711071947
274,27000.0,0.9_TQC,0.9,49.86620550590415,19.5559673488636,88.97814020363134,10.754270808176948,182.8450012243582,0.2727239201071529,0.4866315163543988,0.05881632385990702
275,27500.0,0.85_CrossQ,0.85,141.0435879624177,18.329250632301385,177.70208922702045,104.38508669781493,191.65140287092927,0.7359381974229835,0.9272151759134097,0.5446612189325571
276,27500.0,0.85_SAC,0.85,137.05325990665958,16.058226713728633,169.16971333411684,104.93680647920232,191.65140287092927,0.7151174364163685,0.8826948866533834,0.5475399861793535
277,27500.0,0.85_TQC,0.85,148.2249314911207,11.478157488200978,171.18124646752267,125.26861651471876,191.65140287092927,0.7734090607776306,0.8931906779874053,0.653627443567856
278,27500.0,0.87_TQC,0.87,142.30512021243388,11.935385281340361,166.1758907751146,118.43434964975316,187.9423437227816,0.7571743407772786,0.8841854766918682,0.6301632048626892
279,27500.0,0.9_TQC,0.9,51.28689820706253,19.87728458724427,91.04146738155106,11.53232903257399,182.8450012243582,0.2804938492364439,0.497916086149052,0.06307161232383574
280,28000.0,0.85_CrossQ,0.85,138.1442742875702,19.580270125546626,177.30481453866344,98.98373403647695,191.65140287092927,0.7208101387110936,0.9251422733287907,0.5164780040933963
281,28000.0,0.85_SAC,0.85,137.92511252681837,16.602444226495425,171.1300009798092,104.72022407382752,191.65140287092927,0.7196665949776859,0.8929232889313076,0.5464099010240643
282,28000.0,0.85_TQC,0.85,150.03813718309053,11.332322131876237,172.702781446843,127.37349291933805,191.65140287092927,0.7828700178319912,0.9011297536034865,0.664610282060496
283,28000.0,0.87_TQC,0.87,141.10959711250845,11.564741713001217,164.23908053851088,117.98011368650602,187.9423437227816,0.750813224510213,0.8738801341158463,0.6277463149045797
284,28000.0,0.9_TQC,0.9,52.830594962427874,20.589017629328783,94.00863022108544,11.652559703770308,182.8450012243582,0.2889365014556925,0.5141438354430758,0.0637291674683091
285,28500.0,0.85_CrossQ,0.85,138.54998129634978,19.20117968287124,176.95234066209227,100.1476219306073,191.65140287092927,0.7229270395148555,0.9233031327261595,0.5225509463035516
286,28500.0,0.85_SAC,0.85,141.86170693258953,16.162484768617944,174.18667646982541,109.53673739535364,191.65140287092927,0.7402069841780838,0.9088724311980865,0.5715415371580813
287,28500.0,0.85_TQC,0.85,151.4434901970089,11.09854889465668,173.64058798632226,129.24639240769557,191.65140287092927,0.7902028783947956,0.9060230469758852,0.6743827098137061
288,28500.0,0.87_TQC,0.87,140.86000500310342,11.068975627608427,162.99795625832027,118.72205374788658,187.9423437227816,0.7494851996252346,0.8672763839677622,0.631694015282707
289,28500.0,0.9_TQC,0.9,54.01156933975672,20.92857455266965,95.86871844509602,12.154420234417415,182.8450012243582,0.29539538394862835,0.5243168684029881,0.06647389949426864
290,29000.0,0.85_CrossQ,0.85,141.71842141986332,17.670475708891672,177.05937283764666,106.37747000207997,191.65140287092927,0.7394593480503029,0.9238616059434229,0.555057090157183
291,29000.0,0.85_SAC,0.85,141.49361007819542,16.55509507382626,174.60380022584792,108.3834199305429,191.65140287092927,0.7382863258949718,0.9110489023836558,0.5655237494062877
292,29000.0,0.85_TQC,0.85,151.784289618535,10.689812243114805,173.16391410476461,130.4046651323054,191.65140287092927,0.7919811039460879,0.9035358547382231,0.6804263531539528
293,29000.0,0.87_TQC,0.87,139.93142416338023,10.925255457733634,161.78193507884748,118.08091324791296,187.9423437227816,0.744544424591095,0.8608062019141296,0.6282826472680604
294,29000.0,0.9_TQC,0.9,55.38239976201407,21.06582358301246,97.514046928039,13.250752595989148,182.8450012243582,0.3028926106328585,0.5333153560396509,0.07246986522606619
295,29500.0,0.85_CrossQ,0.85,143.8948675248414,16.91702163009561,177.7289107850326,110.06082426465018,191.65140287092927,0.7508156234147146,0.9273551256221537,0.5742761212072756
296,29500.0,0.85_SAC,0.85,143.73288883103575,14.956018751169825,173.6449263333754,113.82085132869611,191.65140287092927,0.7499704498789137,0.9060456836327954,0.5938952161250319
297,29500.0,0.85_TQC,0.85,151.94209827261005,10.031343231664673,172.0047847359394,131.8794118092807,191.65140287092927,0.7928045190200769,0.8974877415939334,0.6881212964462202
298,29500.0,0.87_TQC,0.87,138.83229144271465,10.907611072441158,160.64751358759696,117.01706929783234,187.9423437227816,0.7386961803961263,0.8547701939088032,0.6226221668834494
299,29500.0,0.9_TQC,0.9,56.323955244037926,20.820600947882234,97.96515713980239,14.682753348273458,182.8450012243582,0.3080420840979194,0.5357825288294055,0.08030163936643324
300,30000.0,0.85_CrossQ,0.85,144.24788550742477,16.95318633727663,178.15425818197804,110.3415128328715,191.65140287092927,0.7526576030574158,0.9295745061775462,0.5757406999372855
301,30000.0,0.85_SAC,0.85,143.5779740083764,14.64087524382331,172.85972449602303,114.29622352072978,191.65140287092927,0.7491621342582674,0.901948652118337,0.5963756163981978
302,30000.0,0.85_TQC,0.85,151.68430505063853,9.433124783934268,170.55055461850708,132.81805548276998,191.65140287092927,0.7914594037842383,0.8898998497462974,0.693018957822179
303,30000.0,0.87_TQC,0.87,139.76335179766295,10.659201331716881,161.08175446109672,118.44494913422919,187.9423437227816,0.7436501483870843,0.8570806943787785,0.6302196023953902
304,30000.0,0.9_TQC,0.9,56.62298393469913,20.32277955212038,97.2685430389399,15.977424830458368,182.8450012243582,0.30967750584124765,0.531972667492219,0.08738234419027634
305,30500.0,0.85_CrossQ,0.85,139.69187640948041,19.741568191132725,179.17501279174587,100.20874002721496,191.65140287092927,0.7288852276419712,0.9349006065581172,0.5228698487258251
306,30500.0,0.85_SAC,0.85,143.60199383645957,13.652262901343727,170.90651963914704,116.29746803377212,191.65140287092927,0.7492874650814356,0.8917572064643158,0.6068177236985556
307,30500.0,0.85_TQC,0.85,151.82957718481634,8.735310100037395,169.30019738489113,134.35895698474155,191.65140287092927,0.7922174057190097,0.8833757272254829,0.7010590842125365
308,30500.0,0.87_TQC,0.87,139.49042801947564,10.269040262300292,160.02850854407623,118.95234749487506,187.9423437227816,0.7421979808085536,0.8514766038042029,0.6329193578129043
309,30500.0,0.9_TQC,0.9,56.73174612552358,19.848606985542528,96.42896009660863,17.034532154438523,182.8450012243582,0.31027233856894687,0.5273808933845908,0.09316378375330296
310,31000.0,0.85_CrossQ,0.85,137.3968449302118,20.168274050856358,177.73339303192452,97.0602968284991,191.65140287092927,0.7169101967009547,0.9273785131206262,0.506441880281283
311,31000.0,0.85_SAC,0.85,144.34608055041375,12.678919468576009,169.70391948756577,118.98824161326172,191.65140287092927,0.7531699658239702,0.8854822711726019,0.6208576604753385
312,31000.0,0.85_TQC,0.85,152.25138587484835,8.14063367664583,168.53265322814002,135.97011852155669,191.65140287092927,0.7944183219852792,0.8793708300775709,0.7094658138929876
313,31000.0,0.87_TQC,0.87,138.396106040974,10.069133656433209,158.5343733538404,118.25783872810757,187.9423437227816,0.7363753335177664,0.8435266380825893,0.6292240289529434
314,31000.0,0.9_TQC,0.9,56.988511999659075,19.368783974437093,95.72607994853325,18.250944050784888,182.8450012243582,0.3116766201867989,0.5235367623262147,0.0998164780473831
315,31500.0,0.85_CrossQ,0.85,143.492902634109,17.47575200921916,178.44440665254731,108.54139861567066,191.65140287092927,0.7487182482600797,0.9310884448506938,0.5663480516694658
316,31500.0,0.85_SAC,0.85,145.80852417241132,12.22725744639166,170.26303906519465,121.354009279628,191.65140287092927,0.760800714151873,0.8883996491268109,0.6332017791769352
317,31500.0,0.85_TQC,0.85,152.2869665544085,7.894653168858103,168.0762728921247,136.4976602166923,191.65140287092927,0.7946039750983124,0.8769895256405631,0.7122184245560617
318,31500.0,0.87_TQC,0.87,138.74641773820238,9.570519351253832,157.88745644071005,119.60537903569471,187.9423437227816,0.7382392652443235,0.8400845350401555,0.6363939954484915
319,31500.0,0.9_TQC,0.9,57.47580718906103,18.925537323820784,95.3268818367026,19.624732541419462,182.8450012243582,0.3143416927134688,0.5213535026846736,0.10732988274226388
320,32000.0,0.85_CrossQ,0.85,142.4876840416101,17.475839657756886,177.43936335712385,107.53600472609632,191.65140287092927,0.7434732118166164,0.9258443230735088,0.561102100559724
321,32000.0,0.85_SAC,0.85,146.04401283436565,11.863159331570692,169.77033149750702,122.31769417122426,191.65140287092927,0.7620294485019833,0.8858287962120558,0.6382301007919107
322,32000.0,0.85_TQC,0.85,153.94505480430124,8.302542636770289,170.5501400778418,137.33996953076067,191.65140287092927,0.8032555593030436,0.8898976867531804,0.7166134318529068
323,32000.0,0.87_TQC,0.87,139.46563841657274,9.152233038764775,157.7701044941023,121.16117233904319,187.9423437227816,0.7420660807672331,0.8394601310645359,0.6446720304699304
324,32000.0,0.9_TQC,0.9,57.672787508416505,18.45271954238083,94.57822659317816,20.767348423654845,182.8450012243582,0.3154190003676921,0.5172590224499868,0.11357897828539741
325,32500.0,0.85_CrossQ,0.85,139.47530216080162,18.95147020365697,177.37824256811555,101.57236175348768,191.65140287092927,0.7277551850467461,0.9255254066028089,0.5299849634906832
326,32500.0,0.85_SAC,0.85,148.30054265662292,11.492417720688753,171.28537809800042,125.31570721524542,191.65140287092927,0.7738035852338546,0.8937340167207402,0.653873153746969
327,32500.0,0.85_TQC,0.85,154.58388945472427,7.770581732893478,170.12505292051122,139.04272598893732,191.65140287092927,0.8065888751089982,0.8876796640778293,0.7254980861401671
328,32500.0,0.87_TQC,0.87,139.78319823994764,8.645631772605434,157.07446178515852,122.49193469473677,187.9423437227816,0.743755746954664,0.8357587687468995,0.6517527251624287
329,32500.0,0.9_TQC,0.9,57.71953545953276,17.97264616510419,93.66482778974114,21.774243129324375,182.8450012243582,0.31567467020172213,0.5122635410459518,0.1190857993574924
330,33000.0,0.85_CrossQ,0.85,139.9319873632891,18.299144571916244,176.53027650712158,103.33369821945661,191.65140287092927,0.7301380802181163,0.9211008834931865,0.5391752769430462
331,33000.0,0.85_SAC,0.85,150.5234304086128,11.657205142156132,173.83784069292506,127.20902012430054,191.65140287092927,0.7854021841415125,0.9070522734967871,0.663752094786238
332,33000.0,0.85_TQC,0.85,155.1229561240854,7.700968073853177,170.52489227179174,139.72101997637904,191.65140287092927,0.809401620861369,0.8897659485781823,0.7290372931445559
333,33000.0,0.87_TQC,0.87,140.3279036591796,8.259611940733206,156.84712754064603,123.8086797777132,187.9423437227816,0.746654005050431,0.8345491730804337,0.6587588370204283
334,33000.0,0.9_TQC,0.9,57.730433134639334,17.460715520232583,92.65186417510449,22.80900209417417,182.8450012243582,0.3157342708199157,0.5067235284240388,0.12474501321579254
335,33500.0,0.85_CrossQ,0.85,140.234215244535,17.20075000225535,174.6357152490457,105.8327152400243,191.65140287092927,0.7317150469228654,0.9112154288098633,0.5522146650358675
336,33500.0,0.85_SAC,0.85,152.2283717268466,11.011961321016418,174.25229436887943,130.20444908481377,191.65140287092927,0.7942982386065144,0.9092148127203246,0.6793816644927043
337,33500.0,0.85_TQC,0.85,155.4355730352381,7.46462834970173,170.36482973464155,140.50631633583464,191.65140287092927,0.8110327955173836,0.8889307731776765,0.7331348178570907
338,33500.0,0.87_TQC,0.87,140.01721331412014,8.049102005498211,156.11541732511657,123.91900930312372,187.9423437227816,0.7450008898508156,0.8306559034689366,0.6593458762326947
339,33500.0,0.9_TQC,0.9,57.77676253692206,16.98173912289414,91.74024078271034,23.813284291133776,182.8450012243582,0.3159876515630177,0.5017377569438792,0.1302375461821563
340,34000.0,0.85_CrossQ,0.85,141.08500457352275,16.911000651965292,174.90700587745334,107.26300326959216,191.65140287092927,0.7361543012995252,0.9126309709052706,0.5596776316937798
341,34000.0,0.85_SAC,0.85,152.7978151520167,11.167601895998175,175.13301894401306,130.46261136002036,191.65140287092927,0.7972694844029963,0.9138102634289571,0.6807287053770356
342,34000.0,0.85_TQC,0.85,156.14619165998587,7.387187057468768,170.9205657749234,141.37181754504834,191.65140287092927,0.8147406662352743,0.8918304964875869,0.7376508359829616
343,34000.0,0.87_TQC,0.87,139.20175148594416,7.962346516320292,155.12644451858475,123.27705845330357,187.9423437227816,0.7406619962730128,0.825393796021822,0.6559301965242037
344,34000.0,0.9_TQC,0.9,57.51270058982187,16.68583475920327,90.88437010822841,24.141031071415327,182.8450012243582,0.3145434668965954,0.4970569033862162,0.1320300304069746
345,34500.0,0.85_CrossQ,0.85,141.86394526487635,16.35503062149098,174.57400650785831,109.15388402189438,191.65140287092927,0.740218663363591,0.9108934445182642,0.5695438822089177
346,34500.0,0.85_SAC,0.85,152.54535656155267,11.455500011181645,175.45635658391595,129.63435653918938,191.65140287092927,0.7959522042439042,0.9154973767767297,0.6764070317110787
347,34500.0,0.85_TQC,0.85,157.8655279230773,7.384570410661788,172.6346687444009,143.09638710175372,191.65140287092927,0.823711830741956,0.9007743546790759,0.7466493068048361
348,34500.0,0.87_TQC,0.87,139.66074327914097,7.721854003664903,155.10445128647078,124.21703527181117,187.9423437227816,0.7431041909594526,0.8252767748562968,0.6609316070626083
349,34500.0,0.9_TQC,0.9,57.257309720326255,16.35529612294758,89.9679019662214,24.546717474431098,182.8450012243582,0.31314670533469613,0.4920446354222566,0.1342487752471356
350,35000.0,0.85_CrossQ,0.85,142.5467470033109,15.414563226260997,173.3758734558329,111.71762055078892,191.65140287092927,0.7437813909419244,0.9046418176891493,0.5829209641946996
351,35000.0,0.85_SAC,0.85,149.8687194188311,13.231802499128987,176.33232441708907,123.40511442057311,191.65140287092927,0.7819860286635241,0.9200680077246443,0.6439040496024038
352,35000.0,0.85_TQC,0.85,158.84654559096944,7.381127539021313,173.60880066901206,144.08429051292683,191.65140287092927,0.8288305914355723,0.9058571868943307,0.7518039959768138
353,35000.0,0.87_TQC,0.87,140.46828581575085,7.630803985341148,155.72989378643314,125.20667784506855,187.9423437227816,0.7474009477233302,0.8286046172550534,0.666197278191607
354,35000.0,0.9_TQC,0.9,57.183640598708536,15.856121424993463,88.89588344869546,25.47139774872161,182.8450012243582,0.31274380057315265,0.4861816448545761,0.13930595629172915
355,35500.0,0.85_CrossQ,0.85,143.80185818489102,14.635610000067238,173.0730781850255,114.53063818475654,191.65140287092927,0.7503303186449237,0.9030618904552677,0.5975987468345799
356,35500.0,0.85_SAC,0.85,149.41878258382886,13.02982936199848,175.47844130782582,123.3591238598319,191.65140287092927,0.7796383451701491,0.9156126106001145,0.6436640797401837
357,35500.0,0.85_TQC,0.85,159.4547994577556,7.056239485883127,173.56727842952185,145.34232048598935,191.65140287092927,0.8320043426196208,0.905640531869279,0.7583681533699624
358,35500.0,0.87_TQC,0.87,140.62643444767636,7.502797915274051,155.63203027822448,125.62083861712826,187.9423437227816,0.7482424219158559,0.8280839069868394,0.6684009368448725
359,35500.0,0.9_TQC,0.9,57.35242319808617,15.438699506390977,88.22982221086812,26.475024185304218,182.8450012243582,0.3136668917063389,0.4825388805822838,0.14479490283039398
360,36000.0,0.85_CrossQ,0.85,141.33987128723243,15.867092650563015,173.07405658835845,109.6056859861064,191.65140287092927,0.73748414658055,0.9030669955748665,0.5719012975862332
361,36000.0,0.85_SAC,0.85,151.2077700742026,12.309815077219312,175.82740022864124,126.58813991976399,191.65140287092927,0.7889729363266698,0.9174334108425757,0.6605124618107638
362,36000.0,0.85_TQC,0.85,158.2335132939378,7.101229971380851,172.43597323669948,144.0310533511761,191.65140287092927,0.8256319073255243,0.8997375999007389,0.7515262147503096
363,36000.0,0.9_TQC,0.9,57.617711429694076,15.08889774268813,87.79550691507033,27.439915944317814,182.8450012243582,0.3151177830614839,0.48016356108823394,0.15007200503473392
364,36500.0,0.85_CrossQ,0.85,142.1148919190826,15.591559220640779,173.29801036036415,110.93177347780104,191.65140287092927,0.7415280545313417,0.904235543097352,0.5788205659653315
365,36500.0,0.85_SAC,0.85,153.1475519160623,12.281961127546994,177.71147417115628,128.5836296609683,191.65140287092927,0.7990943432811811,0.9272641447390758,0.6709245418232864
366,36500.0,0.85_TQC,0.85,156.84562398359012,7.7476160334240385,172.3408560504382,141.35039191674204,191.65140287092927,0.8183901689945903,0.899241296796058,0.7375390411931226
367,36500.0,0.9_TQC,0.9,57.75423453617188,14.75460464009536,87.2634438163626,28.245025255981158,182.8450012243582,0.3158644433779466,0.47725364780023066,0.15447523895566262
368,37000.0,0.85_CrossQ,0.85,142.8746170258368,14.682404145516664,172.23942531687015,113.50980873480349,191.65140287092927,0.7454921533867301,0.8987120508210815,0.5922722559523788
369,37000.0,0.85_SAC,0.85,154.57564993448207,11.007129409446872,176.58990875337582,132.56139111558832,191.65140287092927,0.8065458828839543,0.9214120330353289,0.6916797327325798
370,37000.0,0.85_TQC,0.85,157.58182565311287,7.901012850937498,173.38385135498788,141.77979995123786,191.65140287092927,0.8222315270983896,0.9046834448258958,0.7397796093708834
371,37000.0,0.9_TQC,0.9,57.85669838144716,14.461893867412067,86.78048611627129,28.932910646623025,182.8450012243582,0.31642482974120056,0.4746122974933732,0.15823736198902794
372,37500.0,0.85_CrossQ,0.85,143.08284753013453,14.1429645110869,171.36877655230833,114.79691850796073,191.65140287092927,0.746578659935487,0.8941691737457272,0.5989881461252468
373,37500.0,0.85_SAC,0.85,155.6394794984545,10.311727949262488,176.2629353969795,135.01602359992953,191.65140287092927,0.8120967400550281,0.9197059492211836,0.7044875308888725
374,37500.0,0.85_TQC,0.85,158.67252205689806,7.96269947521925,174.59792100733657,142.74712310645955,191.65140287092927,0.827922570249896,0.9110182257571178,0.7448269147426743
375,37500.0,0.9_TQC,0.9,57.918293375600115,14.220442842124056,86.35917905984823,29.477407691352003,182.8450012243582,0.3167616997334919,0.4723081215323028,0.16121527793468102
376,38000.0,0.85_CrossQ,0.85,147.30012566868945,11.745049562170154,170.79022479302975,123.81002654434914,191.65140287092927,0.7685836026355157,0.891150402421271,0.6460168028497605
377,38000.0,0.85_SAC,0.85,156.14189938385624,8.836014586684984,173.8139285572262,138.46987021048628,191.65140287092927,0.8147182699675437,0.9069275045916778,0.7225090353434096
378,38000.0,0.85_TQC,0.85,156.7866899854594,7.381833068405442,171.55035612227027,142.0230238486485,191.65140287092927,0.8180826627762798,0.8951166208671252,0.7410487046854345
379,38000.0,0.9_TQC,0.9,57.55221103489131,14.18870219112791,85.92961541714712,29.17480665263549,182.8450012243582,0.3147595539911557,0.4699587893666724,0.15956031861563894
380,38500.0,0.85_CrossQ,0.85,144.34628046874732,12.76381914473465,169.87391875821663,118.81864217927802,191.65140287092927,0.7531710089592177,0.8863692945290933,0.6199727233893422
381,38500.0,0.85_SAC,0.85,155.23870404730297,9.948196294860397,175.13509663702376,135.34231145758218,191.65140287092927,0.8100055711663691,0.9138211044297512,0.7061900379029871
382,38500.0,0.85_TQC,0.85,155.0763667658154,6.129702513589218,167.33577179299385,142.81696173863696,191.65140287092927,0.8091585265893101,0.8731257339435643,0.7451913192350559
383,38500.0,0.9_TQC,0.9,57.02625692705253,14.217920206438764,85.46209733993005,28.590416514175,182.8450012243582,0.3118830514654267,0.4674018801042562,0.1563642228265973
384,39000.0,0.85_CrossQ,0.85,144.6952296560599,12.482239025778846,169.6597077076176,119.7307516045022,191.65140287092927,0.7549917584141412,0.8852515826449633,0.6247319341833193
385,39000.0,0.85_SAC,0.85,155.01466652942094,9.227463938046807,173.46959440551456,136.55973865332732,191.65140287092927,0.8088365866740775,0.9051308355010604,0.7125423378470945
386,39000.0,0.85_TQC,0.85,154.1328544963158,7.237812559355152,168.60847961502608,139.6572293776055,191.65140287092927,0.8042354618198075,0.8797664775174027,0.7287044461222123
387,39000.0,0.9_TQC,0.9,56.68427122091664,14.031349875720316,84.74697097235727,28.62157146947601,182.8450012243582,0.31001269294402395,0.46349077308582975,0.15653461280221811
388,39500.0,0.85_CrossQ,0.85,142.55296362614988,12.31785949318346,167.1886826125168,117.91724463978295,191.65140287092927,0.7438138280790695,0.8723582510121917,0.6152694051459473
389,39500.0,0.85_SAC,0.85,155.88067965857462,8.481610272604307,172.84390020378322,138.91745911336602,191.65140287092927,0.8133552758993107,0.9018660840181156,0.7248444677805057
390,39500.0,0.85_TQC,0.85,152.30523893640023,8.983880147562887,170.272999231526,134.33747864127446,191.65140287092927,0.794699316857976,0.8884516193507809,0.7009470143651712
391,39500.0,0.9_TQC,0.9,56.02366664522086,14.162338512859819,84.3483436709405,27.69898961950122,182.8450012243582,0.30639977177433225,0.4613106352710275,0.15148890827763697
392,40000.0,0.85_CrossQ,0.85,145.7859007976937,10.915929940339518,167.61776067837275,123.95404091701467,191.65140287092927,0.7606826697526214,0.8745970974773277,0.6467682420279152
393,40000.0,0.85_SAC,0.85,156.67030170075878,7.802116340790645,172.27453438234008,141.0660690191775,191.65140287092927,0.8174753711887564,0.8988952431428907,0.7360554992346219
394,40000.0,0.9_TQC,0.9,55.30835924389468,14.438492254155426,84.18534375220553,26.431374735583827,182.8450012243582,0.3024876746618251,0.4604191702725671,0.14455617905108306
395,40500.0,0.85_CrossQ,0.85,149.77931362004625,7.850293269174111,165.47990015839449,134.07872708169802,191.65140287092927,0.78151952647546,0.8634421542420934,0.6995968987088266
396,40500.0,0.85_SAC,0.85,157.23467929107412,5.232949467969133,167.7005782270124,146.76878035513585,191.65140287092927,0.8204201844375036,0.8750292234487479,0.7658111454262594
397,40500.0,0.9_TQC,0.9,55.21795404211491,14.251861074649298,83.72167619141351,26.714231892816315,182.8450012243582,0.3019932383842435,0.45788331992015263,0.14610315684833447
398,41000.0,0.85_SAC,0.85,157.79435464889121,5.167135667595247,168.1286259840817,147.46008331370072,191.65140287092927,0.823340462345378,0.8772626939616541,0.7694182307291019
399,41000.0,0.9_TQC,0.9,55.20280709983037,13.965170096193612,83.1331472922176,27.27246690744315,182.8450012243582,0.30191039804306324,0.4546645887803619,0.14915620730576457
400,41500.0,0.85_SAC,0.85,157.00617989948884,5.6218975035590315,168.2499749066069,145.7623848923708,191.65140287092927,0.8192279187501027,0.877895869199129,0.7605599683010764
401,41500.0,0.9_TQC,0.9,55.375416281224524,13.659987897179263,82.69539207558304,28.055440486865997,182.8450012243582,0.3028544171862628,0.4522704559700402,0.15343837840248548
402,42000.0,0.9_TQC,0.9,56.024589055266006,13.63753984811294,83.29966875149188,28.749509359040125,182.8450012243582,0.3064048165392368,0.4555753134824824,0.1572343195959911
403,42500.0,0.9_TQC,0.9,56.20119114215521,13.471996691772649,83.1451845257005,29.257197758609912,182.8450012243582,0.30737067333437285,0.45473042177225287,0.16001092489649277
404,43000.0,0.9_TQC,0.9,55.77343741847043,13.371256966083141,82.51595135063671,29.030923486304147,182.8450012243582,0.3050312398206291,0.45128907434218724,0.15877340529907094
405,43500.0,0.9_TQC,0.9,55.0579936583562,13.41069023147802,81.87937412131224,28.236613195400164,182.8450012243582,0.30111839694648157,0.4478075614484146,0.15442923244454848
406,44000.0,0.9_TQC,0.9,54.30858366661109,13.485917298879713,81.28041826437052,27.336749068851667,182.8450012243582,0.29701978890837855,0.44453180409693654,0.1495077737198206
407,44500.0,0.9_TQC,0.9,53.48230252761986,13.748239426599046,80.97878138081795,25.985823674421766,182.8450012243582,0.29250076386827173,0.442882117851577,0.1421194098849665
408,45000.0,0.9_TQC,0.9,52.86121584507434,13.991806152487198,80.84482815004874,24.877603540099944,182.8450012243582,0.2891039705275371,0.4421495124761375,0.13605842857893674
409,45500.0,0.9_TQC,0.9,52.07953955512653,14.249371889354602,80.57828333383574,23.580795776417325,182.8450012243582,0.28482889445373916,0.4406917487176088,0.12896604018986954
410,46000.0,0.9_TQC,0.9,51.41126975166736,14.157390009609438,79.72604977088623,23.096489732448486,182.8450012243582,0.2811740512861145,0.4360307869344437,0.12631731563778525
411,46500.0,0.9_TQC,0.9,51.004159735432296,14.070436310601963,79.14503235663622,22.86328711422837,182.8450012243582,0.2789475205441801,0.43285313695572164,0.12504190413263852
412,47000.0,0.9_TQC,0.9,50.73345961476073,14.056591903440129,78.84664342164099,22.620275807880475,182.8450012243582,0.27746703095540864,0.4312212141085168,0.12371284780230049
413,47500.0,0.9_TQC,0.9,50.22686535267126,14.064915513746485,78.35669638016424,22.097034325178292,182.8450012243582,0.27469640961658487,0.4285416383028016,0.1208511809303681
414,48000.0,0.9_TQC,0.9,49.61278364568515,13.974635129756509,77.56205390519817,21.66351338617213,182.8450012243582,0.2713379272797743,0.4241956486960581,0.11848020586349048
415,48500.0,0.9_TQC,0.9,48.98179526283213,13.914594564195543,76.81098439122322,21.152606134441044,182.8450012243582,0.2678869804197134,0.42008796454311065,0.11568599629631625
416,49000.0,0.9_TQC,0.9,48.646324186820344,13.700942920262259,76.04821002734487,21.244438346295826,182.8450012243582,0.2660522511475681,0.4159162652416767,0.11618823705345951
417,49500.0,0.9_TQC,0.9,48.49640118575748,13.521044468307899,75.53849012237328,21.45431224914168,182.8450012243582,0.26523230529146613,0.4131285494082745,0.11733606117465782
418,50000.0,0.9_TQC,0.9,48.503190346901064,13.423929442799666,75.3510492325004,21.65533146130173,182.8450012243582,0.2652694359819314,0.4121034139732462,0.11843545799061668
419,50500.0,0.9_TQC,0.9,48.44459659144617,13.230468670884514,74.9055339332152,21.983659249677142,182.8450012243582,0.26494898010365997,0.4096668403928805,0.12023111981443946
420,51000.0,0.9_TQC,0.9,48.22433795689187,12.973361683072085,74.17106132303604,22.277614590747703,182.8450012243582,0.2637443607097503,0.40564992658467675,0.12183879483482389
421,51500.0,0.9_TQC,0.9,47.687159815597795,13.060242474175366,73.80764476394853,21.566674867247063,182.8450012243582,0.26080647267509227,0.40366236030365177,0.11795058504653283
422,52000.0,0.9_TQC,0.9,46.72533043074706,13.65104403078327,74.0274184923136,19.423242369180517,182.8450012243582,0.2555461189415465,0.404864327690747,0.106227910192346
423,52500.0,0.9_TQC,0.9,45.80120218767066,14.271217380688029,74.34363694904673,17.258767426294604,182.8450012243582,0.25049195701812343,0.4065937622096875,0.09439015182655935
424,53000.0,0.9_TQC,0.9,44.554824098242044,15.280945963654133,75.11671602555032,13.992932170933777,182.8450012243582,0.24367537422350133,0.41082181915041294,0.07652892929658976
425,53500.0,0.9_TQC,0.9,43.0866097028005,16.418318375354282,75.92324645350907,10.249972952091937,182.8450012243582,0.23564554357125403,0.4152328253171558,0.05605826182535231
426,54000.0,0.9_TQC,0.9,41.66593282337652,17.54957602095341,76.76508486528334,6.566780781469703,182.8450012243582,0.2278757009728187,0.4198369348423667,0.035914467103270696
427,54500.0,0.9_TQC,0.9,40.23481785119307,18.58831228102154,77.41144241323616,3.0581932891499903,182.8450012243582,0.22004877126404632,0.4233719374053283,0.016725605122764407
428,55000.0,0.9_TQC,0.9,39.02603709464234,19.342727981894996,77.71149305843232,0.34058113085234965,182.8450012243582,0.2134378125369466,0.42501294833363906,0.0018626767402541281
429,55500.0,0.9_TQC,0.9,37.7097812154801,20.038025178390985,77.78583157226207,-2.3662691413018706,182.8450012243582,0.20623906020383173,0.4254195140769296,-0.012941393669266148
430,56000.0,0.9_TQC,0.9,36.274865096529915,20.688500032304436,77.65186516113879,-5.102134968078957,182.8450012243582,0.19839134159330496,0.42468683661664236,-0.027904153430032417
431,56500.0,0.9_TQC,0.9,35.02544181102369,21.18997873589346,77.4053992828106,-7.354515660763234,182.8450012243582,0.1915581042767806,0.4233388868412708,-0.04022267828770963
432,57000.0,0.9_TQC,0.9,33.977958990876346,21.539619961774132,77.05719891442462,-9.10128093267192,182.8450012243582,0.18582930221419625,0.4214345396288538,-0.04977593520046129
433,57500.0,0.9_TQC,0.9,33.00712695604246,21.774890100245713,76.5569071565339,-10.542653244448964,182.8450012243582,0.18051971196927272,0.4186983873986004,-0.0576589634600549
434,58000.0,0.9_TQC,0.9,31.809782392744296,22.001051086174176,75.81188456509264,-12.192319779604055,182.8450012243582,0.1739712990770385,0.4146237745491789,-0.06668117639510192
435,58500.0,0.9_TQC,0.9,30.71775642710461,22.097932051762662,74.91362053062994,-13.478107676420713,182.8450012243582,0.16799888551184772,0.40971106690911335,-0.07371329588541789
436,59000.0,0.9_TQC,0.9,29.979678819066223,22.05784043759905,74.09535969426432,-14.136002056131879,182.8450012243582,0.1639622555624583,0.40523590581153657,-0.07731139468662002
437,59500.0,0.9_TQC,0.9,29.300356158767677,21.966985032211557,73.23432622319079,-14.633613905655437,182.8450012243582,0.16024696307018507,0.4005268163351609,-0.08003289019479073
438,60000.0,0.9_TQC,0.9,28.82937544847375,21.890066469642687,72.60950838775912,-14.950757490811622,182.8450012243582,0.1576711162756861,0.3971096168971243,-0.08176738434575216
439,60500.0,0.9_TQC,0.9,28.377071299929483,21.801689233098973,71.98044976612744,-15.226307166268462,182.8450012243582,0.15519741371058687,0.39366922411952904,-0.08327439669835528
440,61000.0,0.9_TQC,0.9,27.681962680568827,21.63956679112783,70.96109626282448,-15.597170901686834,182.8450012243582,0.15139578602207418,0.3880942644735053,-0.08530269242935701
441,61500.0,0.9_TQC,0.9,27.01050900672409,21.55832060619299,70.12715021911006,-16.10613220566189,182.8450012243582,0.1477235299070665,0.38353331920220896,-0.08808625938807599
442,62000.0,0.9_TQC,0.9,26.357840220109974,21.55989569023265,69.47763160057528,-16.761951160355327,182.8450012243582,0.14415401046577062,0.37998102838656994,-0.09167300745502872
443,62500.0,0.9_TQC,0.9,25.705389213997137,21.56095961845371,68.82730845090455,-17.41653002291028,182.8450012243582,0.14058568209067737,0.3764243374991185,-0.09525297331776379
444,63000.0,0.9_TQC,0.9,24.963561314215056,21.544001219457186,68.05156375312943,-18.124441124699317,182.8450012243582,0.13652854137140866,0.3721817019740529,-0.09912461923123561
445,63500.0,0.9_TQC,0.9,24.11196408796765,21.528864908849787,67.16969390566723,-18.945765729731924,182.8450012243582,0.13187105978566674,0.36735865599764084,-0.10361653642630735
446,64000.0,0.9_TQC,0.9,23.251142729989486,21.42517614890156,66.10149502779261,-19.599209567813634,182.8450012243582,0.12716313037980947,0.36151655547139294,-0.10719029471177399
447,64500.0,0.9_TQC,0.9,22.67586059588245,21.26783446272373,65.21152952132991,-19.85980832956501,182.8450012243582,0.12401684729711726,0.3566492334199102,-0.10861553882567575
448,65000.0,0.9_TQC,0.9,22.228948084562894,21.104576250628938,64.43810058582076,-19.98020441669498,182.8450012243582,0.12157263220604579,0.3524192630606981,-0.10927399864860654
449,65500.0,0.9_TQC,0.9,21.59684434356138,20.840360448564756,63.27756524069089,-20.083876553568132,182.8450012243582,0.11811558532607176,0.3460721639474669,-0.10984099329532342
450,66000.0,0.9_TQC,0.9,21.063816422660473,20.523659524550535,62.11113547176154,-19.983502626440597,182.8450012243582,0.11520039531632761,0.339692827563542,-0.10929203693088678
451,66500.0,0.9_TQC,0.9,20.692337449969198,20.26012372650714,61.21258490298348,-19.82791000304508,182.8450012243582,0.11316873478306833,0.33477855283488533,-0.10844108326874866
452,67000.0,0.9_TQC,0.9,20.25595622029708,20.040277270261708,60.336510760820495,-19.824598320226336,182.8450012243582,0.11078211646290621,0.32998720422651945,-0.10842297130070705
453,67500.0,0.9_TQC,0.9,19.64716788696595,19.79552098273372,59.238209852433386,-19.94387407850149,182.8450012243582,0.10745258418554238,0.3239804722894541,-0.10907530391836937
454,68000.0,0.9_TQC,0.9,19.091583814054825,19.523449104453025,58.13848202296087,-19.955314394851225,182.8450012243582,0.10441403202830073,0.31796593635952125,-0.10913787230291982
455,68500.0,0.9_TQC,0.9,18.640271299524596,19.20359842407616,57.04746814767691,-19.76692554862772,182.8450012243582,0.10194575282182436,0.3119990580310006,-0.10810755238735187
456,69000.0,0.9_TQC,0.9,18.370133840660117,18.92188935265576,56.21391254597164,-19.473644864651405,182.8450012243582,0.10046834049413918,0.30744024813122944,-0.10650356714295106
457,69500.0,0.9_TQC,0.9,18.234560160064575,18.70542359601569,55.64540735209596,-19.176287031966808,182.8450012243582,0.09972687269525095,0.30433102890145075,-0.10487728351094887
458,70000.0,0.9_TQC,0.9,18.073996798901614,18.39839570792062,54.87078821474286,-18.722794616939627,182.8450012243582,0.09884873350584022,0.3000945491936866,-0.10239708218200617
459,70500.0,0.9_TQC,0.9,17.915269906797413,18.048893592774103,54.01305709234562,-18.182517278750794,182.8450012243582,0.09798063817350222,0.29540352063587133,-0.09944224428886689
460,71000.0,0.9_TQC,0.9,17.795743826552687,17.699314576297276,53.19437297914724,-17.602885326041864,182.8450012243582,0.09732693651666523,0.29092604458940385,-0.0962721715560734
461,71500.0,0.9_TQC,0.9,17.62077910819396,17.418616459294245,52.458012026782455,-17.21645381039453,182.8450012243582,0.09637003467528517,0.28689880322412725,-0.0941587338735569
462,72000.0,0.9_TQC,0.9,17.37577362451881,17.164214041588938,51.70420170769668,-16.952654458659065,182.8450012243582,0.09503007196350986,0.28277612929791573,-0.09271598537089604
463,72500.0,0.9_TQC,0.9,17.125557393793585,16.869029444828392,50.86361628345037,-16.6125014958632,182.8450012243582,0.09366161108653899,0.2781788725032666,-0.09085565033018862
464,73000.0,0.9_TQC,0.9,16.959192492894033,16.597932722217625,50.15505793732928,-16.236672951541216,182.8450012243582,0.09275174261988392,0.27430368673730926,-0.08880020149754142
465,73500.0,0.9_TQC,0.9,16.822573691065582,16.32468616854328,49.471946028152146,-15.826798646020979,182.8450012243582,0.09200455893472091,0.2705676704141781,-0.08655855254473628
466,74000.0,0.9_TQC,0.9,16.663630983735825,16.021205196309182,48.70604137635419,-15.37877940888254,182.8450012243582,0.09113528328449556,0.2663788512139302,-0.084108284644939
467,74500.0,0.9_TQC,0.9,16.66520113845734,15.665812953721606,47.99682704590055,-14.66642476898587,182.8450012243582,0.09114387063832532,0.2625000777954356,-0.08021233651878497
468,75000.0,0.9_TQC,0.9,16.693724340920607,15.315307844000337,47.324340028921284,-13.936891347080067,182.8450012243582,0.09129986725990245,0.25882217020990583,-0.07622243569010091
469,75500.0,0.9_TQC,0.9,16.816360936244617,15.02587858989285,46.86811811603032,-13.235396243541082,182.8450012243582,0.0919705806756525,0.2563270409483125,-0.0723858795970075
470,76000.0,0.9_TQC,0.9,16.94199787579598,14.739882912916313,46.421763701628606,-12.537767950036645,182.8450012243582,0.0926577033134609,0.2538858781524315,-0.06857047152550973
471,76500.0,0.9_TQC,0.9,17.155226387039917,14.552496523248282,46.26021943353648,-11.949766659456646,182.8450012243582,0.09382387416755113,0.25300237427203887,-0.0653546259369366
472,77000.0,0.9_TQC,0.9,17.809427950330484,14.63394078761668,47.07730952556385,-11.458453624902877,182.8450012243582,0.09740177653791911,0.2574711324363639,-0.06266757936052564
473,77500.0,0.9_TQC,0.9,18.807020389619716,14.944452266243507,48.69592492210673,-11.081884142867299,182.8450012243582,0.10285772246265973,0.2663235231810076,-0.060608078255688154
474,78000.0,0.9_TQC,0.9,19.856485155787407,15.296766311759788,50.45001777930698,-10.737047467732168,182.8450012243582,0.10859736401227998,0.2759168554868108,-0.058722127462250806
475,78500.0,0.9_TQC,0.9,20.892828858738405,15.744556570996934,52.38194200073227,-10.596284283255464,182.8450012243582,0.11426524498256345,0.2864827676445883,-0.057952277679461386
476,79000.0,0.9_TQC,0.9,22.310673474239543,16.45106267600192,55.212798826243386,-10.5914518777643,182.8450012243582,0.12201959760914352,0.3019650439253466,-0.05792584870705959
477,79500.0,0.9_TQC,0.9,23.929652046263165,17.253221868134812,58.43609578253279,-10.57679169000646,182.8450012243582,0.1308739746015835,0.3195936196846275,-0.05784567048146046
478,80000.0,0.9_TQC,0.9,25.40030488766676,18.04238682140807,61.485078530482895,-10.684468755149378,182.8450012243582,0.13891714139069933,0.3362688513154276,-0.05843456853402901
479,80500.0,0.9_TQC,0.9,27.208953450773627,19.36636034142133,65.94167413361629,-11.523767232069034,182.8450012243582,0.1488088450249025,0.3606424769179398,-0.06302478686813485
480,81000.0,0.9_TQC,0.9,29.37955065286453,21.179825912004915,71.73920247687437,-12.9801011711453,182.8450012243582,0.16068008671899447,0.3923498153982753,-0.0709896419602863
481,81500.0,0.9_TQC,0.9,30.718277744021734,21.84041924057714,74.39911622517602,-12.962560737132549,182.8450012243582,0.16800173665305274,0.40689718464813424,-0.07089371134202878
482,82000.0,0.9_TQC,0.9,31.61794042095637,21.867033811807783,75.35200804457193,-12.116127202659197,182.8450012243582,0.17292209362704905,0.4121086578249518,-0.06626447057085372
483,82500.0,0.9_TQC,0.9,32.43135048502902,21.717907088816773,75.86716466266256,-11.004463692604524,182.8450012243582,0.1773707253021068,0.41492610765754806,-0.06018465705333449
484,83000.0,0.9_TQC,0.9,32.91149708071793,21.37090109466841,75.65329927005476,-9.830305108618894,182.8450012243582,0.17999670136092039,0.41375645362721786,-0.05376305090537702
485,83500.0,0.9_TQC,0.9,32.91893822684973,20.856841116977666,74.63262046080507,-8.7947440071056,182.8450012243582,0.18003739783105618,0.40817424573301747,-0.048099450070905096
486,84000.0,0.9_TQC,0.9,33.10300561434326,20.36511082367031,73.83322726168387,-7.62721603299736,182.8450012243582,0.1810440831998712,0.4038022738783409,-0.04171410747859854
487,84500.0,0.9_TQC,0.9,33.36161765927417,19.94753420917403,73.25668607762222,-6.533450759073894,182.8450012243582,0.1824584617346914,0.4006491049089896,-0.03573218143960679
488,85000.0,0.9_TQC,0.9,33.67922673433769,19.616116403468215,72.91145954127413,-5.553006072598741,182.8450012243582,0.1841955017026247,0.39876102192046703,-0.030370018515217586
489,85500.0,0.9_TQC,0.9,33.98842055878768,19.346218080782272,72.68085672035222,-4.704015602776863,182.8450012243582,0.18588651771279496,0.39749982900090264,-0.02572679357531271
490,86000.0,0.9_TQC,0.9,34.12915703447589,19.075307957468816,72.27977294941351,-4.0214588804617435,182.8450012243582,0.1866562214221981,0.39530625647634365,-0.02199381363194748
491,86500.0,0.9_TQC,0.9,34.13192476752367,18.745152660602876,71.62223008872942,-3.358380553682082,182.8450012243582,0.18667135846739621,0.3917100801724738,-0.01836736323768137
492,87000.0,0.9_TQC,0.9,34.26615206139381,18.391761819048117,71.04967569949005,-2.5173715767024234,182.8450012243582,0.18740546272494404,0.3885787154350981,-0.013767789985209968
493,87500.0,0.9_TQC,0.9,34.24228664728808,18.037684437823074,70.31765552293423,-1.833082228358066,182.8450012243582,0.18727494007490755,0.3845752142638651,-0.010025334114049964
494,88000.0,0.9_TQC,0.9,34.145669233791494,17.687921059040374,69.52151135187225,-1.230172884289253,182.8450012243582,0.1867465285085556,0.38022101171126105,-0.006727954694149834
495,88500.0,0.9_TQC,0.9,34.17336780701469,17.297514844598375,68.76839749621143,-0.42166188218205747,182.8450012243582,0.18689801513951473,0.3761021468223232,-0.0023061165432937446
496,89000.0,0.9_TQC,0.9,34.534286053643235,16.88070978330487,68.29570562025297,0.7728664870334967,182.8450012243582,0.1888719178670259,0.3735169414691922,0.004226894264859657
497,89500.0,0.9_TQC,0.9,35.73090033015088,17.085788344862912,69.9024770198767,1.5593236404250561,182.8450012243582,0.19541633673817324,0.38230455605457614,0.008528117421770273
498,90000.0,0.9_TQC,0.9,37.62703637595755,18.46769444389117,74.5624252637399,0.6916474881752137,182.8450012243582,0.20578651931417943,0.4077903402579149,0.003782698370444015
499,90500.0,0.9_TQC,0.9,38.99827026862937,19.331122907822003,77.66051608427338,0.3360244529853631,182.8450012243582,0.2132859526237576,0.42473414949408866,0.0018377557534266277
500,91000.0,0.9_TQC,0.9,40.46244978852277,20.11496868328765,80.69238715509806,0.2325124219474688,182.8450012243582,0.22129371608509935,0.4413157954265604,0.0012716367436382177
501,91500.0,0.9_TQC,0.9,42.34169926559905,21.10709771832741,84.55589470225387,0.12750382894422785,182.8450012243582,0.2315715441060599,0.4624457553449895,0.000697332867130316
502,92000.0,0.9_TQC,0.9,43.7213446610762,21.475739495009652,86.67282365109551,0.7698656710568983,182.8450012243582,0.23911698087621408,0.4740234792896769,0.004210482462751289
503,92500.0,0.9_TQC,0.9,45.04604852404299,21.75000104197831,88.5460506079996,1.5460464400863643,182.8450012243582,0.2463619361886173,0.4842683694663876,0.008455502910846891
504,93000.0,0.9_TQC,0.9,46.97530939178784,22.696806124382316,92.36892164055247,1.5816971430232059,182.8450012243582,0.25691328216376685,0.5051760836885667,0.008650480638966987
505,93500.0,0.9_TQC,0.9,48.33970529259494,23.106106783115674,94.5519188588263,2.127491726363594,182.8450012243582,0.2643753177221409,0.5171151424741838,0.011635492970098077
506,94000.0,0.9_TQC,0.9,48.96351683005605,22.865503687992955,94.69452420604196,3.23250945407014,182.8450012243582,0.26778701360271717,0.5178950672534272,0.01767895995200722
507,94500.0,0.9_TQC,0.9,49.38872258131874,22.449969611263914,94.28866180384657,4.488783358790911,182.8450012243582,0.2701125119669899,0.515675359853839,0.024549664080140712
508,95000.0,0.9_TQC,0.9,49.643159372613994,22.043095046582962,93.72934946577992,5.556969279448069,182.8450012243582,0.27150405556726065,0.5126164173926211,0.030391693741900237
509,95500.0,0.9_TQC,0.9,49.744338041706094,21.506211519719702,92.7567610811455,6.731915002266689,182.8450012243582,0.27205741315655535,0.5072972214719133,0.03681760484119748
510,96000.0,0.9_TQC,0.9,50.35998836197464,21.092485278850774,92.54495891967619,8.17501780427309,182.8450012243582,0.2754244744168909,0.5061388514861273,0.04471009734765465
511,96500.0,0.9_TQC,0.9,51.474574573111866,21.174346668843818,93.8232679107995,9.125881235424231,182.8450012243582,0.28152027251732453,0.5131300679949929,0.04991047703965615
512,97000.0,0.9_TQC,0.9,53.22725824062333,21.89284419750395,97.01294663563124,9.441569845615426,182.8450012243582,0.29110589780527457,0.5305747818426407,0.05163701376790847
513,97500.0,0.9_TQC,0.9,56.050433297159124,23.42766605321776,102.90576540359464,9.195101190723605,182.8450012243582,0.30654616162234033,0.5628032744374843,0.05028904880719623
514,98000.0,0.9_TQC,0.9,58.34137354830851,24.524773169329585,107.39091988696768,9.291827209649341,182.8450012243582,0.31907557306814904,0.5873330917873696,0.05081805434892854
515,98500.0,0.9_TQC,0.9,59.531084824127475,24.756053495148834,109.04319181442514,10.018977833829808,182.8450012243582,0.3255822386474784,0.5963695539077097,0.05479492338724709
516,99000.0,0.9_TQC,0.9,61.03518290816005,24.905702557450525,110.8465880230611,11.223777793259003,182.8450012243582,0.3338083212527501,0.606232531821025,0.06138411068447518
517,99500.0,0.9_TQC,0.9,62.20388523094355,24.84395360289018,111.8917924367239,12.515978025163186,182.8450012243582,0.3402000864908353,0.6119488730207513,0.06845129996091921
518,100000.0,0.9_TQC,0.9,62.71439673981472,24.48241370231146,111.67922414443764,13.749569335191794,182.8450012243582,0.34299213169553167,0.6107863129788422,0.07519795041222109
519,100500.0,0.9_TQC,0.9,63.1686399727076,23.965535374700945,111.09971072210949,15.237569223305712,182.8450012243582,0.3454764393323344,0.6076168885021125,0.08333599016255631
520,101000.0,0.9_TQC,0.9,63.19414488172809,23.44698199195483,110.08810886563775,16.300180897818436,182.8450012243582,0.3456159285655631,0.6020843234896818,0.08914753364144451
521,101500.0,0.9_TQC,0.9,62.73379756449563,23.13369304785811,109.00118366021185,16.466411468779413,182.8450012243582,0.3430982370008504,0.5961398065592343,0.09005666744246653
522,102000.0,0.9_TQC,0.9,61.921875538516815,22.937615434942103,107.79710640840102,16.04664466863261,182.8450012243582,0.3386577435744944,0.589554571831743,0.08776091531724582
523,102500.0,0.9_TQC,0.9,61.29552592969418,22.54337378688539,106.38227350346496,16.2087783559234,182.8450012243582,0.3352321666944676,0.5818166905910083,0.08864764279792682
524,103000.0,0.9_TQC,0.9,60.816600082269886,22.097115077151916,105.01083023657372,16.622369927966055,182.8450012243582,0.33261286704603676,0.5743161121901341,0.09090962190193942
525,103500.0,0.9_TQC,0.9,60.57683665987628,21.57802321521398,103.73288309030424,17.420790229448315,182.8450012243582,0.331301573760532,0.5673268746517155,0.0952762728693485
526,104000.0,0.9_TQC,0.9,60.67996040868163,21.068978825195266,102.81791805907216,18.542002758291098,182.8450012243582,0.3318655692108578,0.562322827370656,0.10140831105105963
527,104500.0,0.9_TQC,0.9,61.27466811177002,20.61557906043059,102.5058262326312,20.043509990908838,182.8450012243582,0.33511809292824757,0.5606159618596978,0.10962022399679737
528,105000.0,0.9_TQC,0.9,62.38866006271826,20.436943413890475,103.26254689049921,21.51477323493731,182.8450012243582,0.34121064095246906,0.5647545527580045,0.11766672914693364
529,105500.0,0.9_TQC,0.9,65.04115564959903,21.690356924396347,108.42186949839173,21.66044180080634,182.8450012243582,0.35571743943817696,0.5929714718607686,0.1184634070155853
530,106000.0,0.9_TQC,0.9,68.52635974366255,24.106283552335494,116.73892684833353,20.313792638991565,182.8450012243582,0.37477841496786635,0.6384583995549878,0.11109843038074484
531,106500.0,0.9_TQC,0.9,70.68638334792294,25.371308932871425,121.4290012136658,19.94376548218009,182.8450012243582,0.3865918284590558,0.6641089469253113,0.10907470999280032
532,107000.0,0.9_TQC,0.9,72.53138258827622,26.06772648208502,124.66683555244626,20.395929624106174,182.8450012243582,0.39668233806007785,0.6818170292742923,0.11154764684586341
533,107500.0,0.9_TQC,0.9,73.57883984672436,25.88432272579324,125.34748529831084,21.810194395137884,182.8450012243582,0.4024110003228371,0.6855395797476815,0.11928242089799268
534,108000.0,0.9_TQC,0.9,73.86901620270073,25.23196764297564,124.33295148865201,23.405080916749455,182.8450012243582,0.4039980076461618,0.6799909795515299,0.12800503574079378
535,108500.0,0.9_TQC,0.9,74.23276342637087,24.47413916448226,123.18104175533539,25.284485097406346,182.8450012243582,0.4059873823692028,0.6736910548852646,0.13828370985314092
536,109000.0,0.9_TQC,0.9,75.13315731355321,23.975275379865298,123.08370807328382,27.182606553822616,182.8450012243582,0.4109117384147778,0.673158725965142,0.1486647508644136
537,109500.0,0.9_TQC,0.9,76.47158954817053,23.896221299257537,124.2640321466856,28.679146949655454,182.8450012243582,0.4182317757450574,0.679614051872321,0.15684949961779365
538,110000.0,0.9_TQC,0.9,77.41163513832548,23.686303140592155,124.78424141950978,30.03902885714117,182.8450012243582,0.423372991440648,0.6824591352453463,0.16428684763594967
539,110500.0,0.9_TQC,0.9,77.69133032190015,23.218006212133915,124.12734274616798,31.255317897632324,182.8450012243582,0.42490267604619797,0.678866482074939,0.17093887001745695
540,111000.0,0.9_TQC,0.9,77.326479649578,22.814601283565242,122.95568221670848,31.69727708244752,182.8450012243582,0.4229072664376276,0.6724585380698316,0.17335599480542363
541,111500.0,0.9_TQC,0.9,76.1785151123366,22.843955506704916,121.86642612574643,30.490604098926767,182.8450012243582,0.4166289184950836,0.6665012732626548,0.16675656372751235
